{
    "disp":"储存欧拉角、左右臂、标定矩阵",
    "robot_1":{

        "name":"left_arm",
        "euler":"xyz",
        "ee_rotate":0,
        "move_limit":[-98,300],
        "plane_fence_pose":{
            "disp": "用户平面标定,ro_pos为原点,rx_pos为用户平面X方向,rxy_pos为用户平面任意一点",
            "disp_1":"work_pose为工作区平面上方点, 用来判断Z的朝向",
            "disp_2":"fence_thread为工作区, 以lo_pos为坐标原点,选择合适的xyz范围",
            "use": true,
            "lo_pos": [-205.08, 346.16, 381.36],
            "lx_pos": [-203.08, 446.16, 381.35],
            "lxy_pos": [-206.06, 446.16, 136.37],
            "work_pose": [-176.07, 446.16, 136.37],
            "fence_thread":{
                "x_fence": ["inf","inf"],
                "y_fence": ["inf","inf"],
                "z_fence": [0, "inf"]
            }
        },


        "calib_martix1": [
            [
                -0.02545638422546067,
                -0.7648966028119181,
                -0.643649873385331,
                0.16037975909392263
            ],
            [
                0.04932033749908891,
                -0.6440354132259254,
                0.7634041464518564,
                0.09110845568144597
            ],
            [
                -0.9984585503720932,
                -0.012311519715222147,
                0.05411977153647285,
                -0.08231720498828798
            ],
            [
                -0.0,
                0.0,
                -0.0,
                1.0
            ]
            ],

        "calib_martix": [
            [
                -0.025651708145439583,
                -0.6274501981804803,
                -0.7782340513447722,
                0.13832261323958855
            ],
            [
                0.011290759491716323,
                -0.7786224113514031,
                0.6273911533416989,
                0.0897646415045693
            ],
            [
                -0.9996071771547671,
                0.0073068012565541615,
                0.027057384132170098,
                -0.07996921723273485
            ],
            [
                0.0,
                0.0,
                -0.0,
                1.0
            ]
        ]
        },
    "robot_2":{
        "name":"right_arm",
        "euler":"xyz",
        "ee_rotate":0,
        "move_limit":[-90,500],
        "plane_fence_pose":{
            "disp": "用户平面标定,ro_pos为原点,rx_pos为用户平面X方向,rxy_pos为用户平面任意一点",
            "use": true,
            "ro_pos": [222.62, 293.51, 305.16],
            "rx_pos": [221.62, 393.51, 305.15],
            "rxy_pos": [219.64, 393.52, 385.13],
            "work_pose": [208.64, 393.5, 385.15],
            "fence_thread":{
                "fence_x": ["inf","inf"],
                "fence_y": ["inf","inf"],
                "fence_z": ["inf",-1]
            }
        },
        "calib_martix":[
            [
                0.004716664732010379,
                0.6650780683635776,
                0.7467589410616909,
                -0.14321925442140496
            ],
            [
                -0.013452006585219877,
                -0.7466574777844102,
                0.6650726685013104,
                0.09662388313323322
            ],
            [
                0.9998983931343408,
                -0.013182330992477858,
                0.005424901562954648,
                -0.13006629105766374
            ],
            [
                0.0,
                0.0,
                -0.0,
                0.9999999999999998
            ]
        ]
    }
}