{

    "disp":"储存视觉参数(IP、端口、坐标长度、坐标参数、可视化方式、日志信息)",
    "vision_app":{
        "IP": "127.0.0.1",
        "PORT": 8887,
        "pose_type_num" : 6,
        "pose_param_num" : 0,
        "pose_param_num2" : 0
    },
    "config_path":{
        "log_save_path": "log.log",
        "calibration_config_path": "calibration.json",
        "parameter_path": "parameter.json",
        "task_path": "task.json",
        "vision_app_pose_path": "vision_app_pose.json"
    },
    "json_ui_config":{
        "model_disp":"模态窗口,true-打开json_ui后不能操作主界面,false-可以操作主界面",
        "modal":false
    },
    "w1_tcp_config":{
        "host":"192.168.20.20",
        "port":8080,
        "buffer_size":1024,
        "set_safe_level_disp":"设置机器人安全等级,取值范围 [0.1, 1]0.1时机械臂柔性最大,1.0时机械臂刚性最大",
        "set_safe_level":1
    },
    "ui_param":{
        "movel_speed":0.5,
        "head_speed":0.005,
        "torso_speed":0.00
    },

    "log":{
        "language":"Chinese",
        "Chinese": {
            "loading_config": ["配置文件{}加载成功",1],
            "load_config_success": ["配置文件{}、{}、{}加载成功",1],
            "nonuse_vision_app": ["parameter配置的use_vision_app为{},不启动服务器",1],
            "calibration_error":["vision_app请求标定信号:[{}]与设置标定信号:[{}]不一致",1],
            "wait_calib_sign":["等待接受视觉发送的标定信号: {}",1],
            "send_msg":["{}发送信息: {}",1],
            "robot_joint_pose":["{}当前joint位姿:{}",1],
            "robot_cart_pose":["{}当前cart位姿:{}",1],
            "connect_vision_app": ["视觉服务器连接中...",1],
            "connection_success": ["连接成功...",1],
            "connection_failed": ["视觉服务器连接失败...",1],
            "vision_app_recv_msg": ["vision_app接收到触发信号:{}",1],
            "vision_app_return_msg": ["vision_app返回信息:{}",1],
            "detection_failed": ["vision_app返回信息:{}, 识别失败, 正在重新触发...",1],
            "MoveL":["即将运动位置{}",1],
            "Initialize_disp":["Initialize.py对应的日志显示",1],
            "MoveL_success": ["{}  MoveL坐标:{}",1],
            "MoveJ_success": ["{}  MoveJ坐标:{}",1],
            "25": ["返回信息携带参数, 参数为{}",1] ,
            "poseturning": ["{}机器人坐标{}:{} -- 相机坐标转为机器人坐标",1],
            "t_msg": ["示教坐标:input{},output{}",1] ,
            "ee_status":["夹具前等待{}秒, 状态{}, 后等待{}秒",1] ,
            "move_status":["运行|{}|:{}点位——————————————————————————",0],
            "use_arm":["使用{}抓取",0] ,
            "pose_deal":["{}:抓取点rz变为 {},放置点rz变为 {}",1],
            "24": ["{}当前工具坐标为{}" ,1],
            "pose_deal2":["值超过180,{}:抓取点rz变为 {},放置点rz变为 {}",1],
            "teach_offset":["示教法 robot_pose:{},shotpose:{},grabpose{}",0],
            "base_offset":["",1],
            "plane_fence":["抓取点{},Z值小于{},调整为平面下限值{}",1],
            "Runs":["————————————————————当前已运行{}次——————————————————————————",1],
            "sequence_move":["left运动序列\n{},\nright运动序列\n{}",1],
            "no_pose":["桌面上没有笔了,重新触发",1],
            "only_pose":["单手没有坐标",1],
            "move_pose":["{}任务运动坐标\n{}",1],
            "cfg_msg":["{}任务运动配置\n{}",0],
            "disconnection":["已断开连接",1],
            "vision_app_time":["视觉时间为:{}",1],
            "move_dict": ["{}下发给机械臂信息{}",1],
            "move_stop": ["运动返回false,暂停{}执行",1],
            "no_z_plane_fence": ["{}: 视觉坐标{}保持示教坐标{}的Z高度,新抓取点为:{}",0],
            "no_z_plane_fence_p": ["{}平面坐标系: 视觉坐标{}保持示教坐标{}的Z高度,新抓取点为:{}",0],
            "visual_judge": ["视觉检测需重新执行{}",1],
            "apply_offset":["偏移前坐标{},偏移后坐标{}",1],
            "continuous":["按顺序执行以下任务{}",1],
            "vision_color_check":["Vision检测 {}: ROI={}, 期望颜色={}, 检测颜色={}, 结果={}",1],
            "vision_pattern_match":["Vision检测模式 {} 匹配到返回模式: {}",1],
            "vision_no_pattern_match":["Vision检测模式{}未匹配到任何模式，继续执行",1],
            "rgb_time":["GEB颜色识别视觉计算时间:{}",1],
            "voice_disconnection":["语音服务器未启动,不执行语音相关操作",1],
            "voice_error":["语音消息发送失败：连接已关闭",1],
            "get_image":["获取图像第{}次",1],
            "get_image_time":["总取图时间:{}",1],
            "save_error_image": ["保存{}结果图片到: {} (结果: {}, 检测颜色: {})", 1],
            "no_robot_warehouse":["机器人运动库函数调用错误{},不使用机器人通讯加载配置", 1],
            "no_ros":["ROSImageGetter: rclpy不可用，使用空实现",1],
            "pc1_op_error":["PC1操作错误",1],
            "pc1_op_success":["PC1操作成功",1],
            "torso_cart_pose":["躯干笛卡尔坐标:{}",1],
            "torso_joint_pose":["躯干关节坐标:{}",1],
            "http_log":["接收到需触发流程:{}",1]
        },
        "English": {
            "1": ["Loading configuration file {}...",1]
        }
    }
}