{
    "all_torso_offset":{"use":false,"offset_disp":"{x前后方向距离mm,y_theta躯干旋转角度,z上下方向距离mm}","offset":{"x":0,"y_theta":0,"z":0}},
    "auto_gohome":{"use":false},
    "camera_config":{"default_effective_num_disp":"初始每次执行视觉检测的取图次数","default_effective_num":1,"camera_num_disp":"每次识别取图次数","camera_num":20},
    "calib_martix_select":{"use2":{"martix_name":"calib_martix","arm":"left_arm","module":"胶囊重新识别"}},

    "vision_voice_config":{
        "effective_range":["胶囊识别"],
        "vision_app":[["voice",1],["capsule",0],"send_recv","no_z_rxyz"],
        "黑色、芮斯崔朵":{"send":"d,0,0,0,0,0,0,11","send_voice":"TASK_RES: black-success","recv_none_voice":"TASK_RES: no_black-success"},
        "绿色、拉杰罗":{"send":"d,0,0,0,0,0,0,13","send_voice":"TASK_RES: green-success","recv_none_voice":"TASK_RES: no_green-success"},
        "红色、低因":{"send":"d,0,0,0,0,0,0,12","send_voice":"TASK_RES: red-success","recv_none_voice":"TASK_RES: no_red-success"},
        "青色、蓝色、印度尼西亚":{"send":"d,0,0,0,0,0,0,14","send_voice":"TASK_RES: blue-success","recv_none_voice":"TASK_RES: no_blue-success"},
        "none_identify":{"sign":"0,0,0,0,0,0,0,0","send":"d,0,0,0,0,0,0,1","send_voice":"TASK_RES: any_capsule-success","recv_none_voice":"TASK_RES:  no_capsule-success"}
    },
    "dont_return_gohome":["回放动作1","拿出咖啡","判断_检测并送出咖啡","判断_检测并送出咖啡_yolo","送出咖啡","送出咖啡2"],
    "dont_return_gohome_vision":["胶囊识别","咖啡机识别","变手姿态","判断_是否有杯子","判断_盖子打开"],
    "pose_list":{
        "basic_pose":{
            "disp":["一些比较固定的坐标点，下方调用可以直接选择"],
            "disp0":"[45,-90,45,2]",

            "l_home":[-77.08, 260.39, 328.83, 91.77, 86.44, 170.82],
            "r_home":[101.45, 242.18, 331.16, 64.6, -89.06, -149.32],
            "r_pickdown_f":[158.5, 269.2, 402.54, -62.78, -79.06, -19.86],
            "r_pickdown":[224.46, 463.55,4.2,-152.48,-73.71, 37.42],
            "l_save_lid_f":[-49.36, 320.43, 113.69, -164.33, 35.88, -80.39],
            "l_save_lid":[0.36, 330.43, 113.69, -164.33, 35.88, -80.39],
            "l_save_lid_b":[-62.68, 309.17, 262.34, -147.84, 42.38, -71.37],

            "r_open_lid_fff":[205.48, 274.79, 214.62, -117.42, -65.64, 33.19],
            "r_open_lid_ff":[220.63, 325.85, 79.42, -129.04, -59.72, 70.72],
            "r_open_lid_f":[165.63, 325.85, 79.42, -129.04, -59.72, 70.72],
            "r_open_lid":[135.63, 325.85, 79.42, -129.04, -59.72, 70.72],
            "r_open_lid_b":[201.1, 285.65, 142.63, -106.24, -19.69, 22.28],

            "disp1":"[31, -70, 45, 2]",
            "l_get_capsule_ff":[-185.52, 341.54, 245.31, 129.59, 81.46, -111.98],
            "l_get_capsule_f":[-225.52, 341.54, 245.31, 129.59, 81.46, -111.98],
            "l_get_capsule": [-245.84, 341.88, 245.31, 129.59, 81.46, -111.98],
            "l_get_capsule_b": [-225.52, 341.54, 245.31, 129.59, 81.46, -111.98],
            "l_get_capsule_bb":[-185.52, 341.54, 245.31, 129.59, 81.46, -111.98],
            "l_get_capsule_detect":[-139.79, 373.37, 190.85, -116.33, 30.08, -26.75],
            
            "l_get_box_ff":[-358.98, 154.86, 500.56, -38.22, 14.79, 57.35],
            "l_get_box_f":[-269.8, 386.55, 267.66, -84.68, -5.08, -3.49],
            "l_get_box":[-279.62, 390.44, 224.03, -93.26, -15.28, -4.68],
            "l_get_box_b":[-179.6, 390.46, 224.05, -93.25, -15.28, -4.69],
            "l_get_box_bb":[-129.6, 440.46, 224.05, -93.25, -15.28, -4.69],
            "r_get_box_ff":[367.09, 109.0, 516.64, -37.72, 2.31, -36.62],
            "r_get_box_f":[269.58, 386.97, 267.54, -86.6, 6.24, 5.84],
            "r_get_box":[279.58, 390.97, 218.54, -86.6, 6.24, 5.84],
            "r_get_box_b":[179.58, 390.97, 218.54, -86.6, 6.24, 5.84],
            "r_get_box_bb":[136.58, 440.97, 218.54, -86.6, 6.24, 5.84],


            "l_down_box_ff":[-100.6, 470.46, 224.05, -93.25, -15.28, -4.69],
            "l_down_box_f":[-136.6, 470.46, 224.05, -93.25, -15.28, -4.69],
            "l_down_box":[-136.64, 470.28, 290.71, -80.48, -1.55, -8.83],
            "l_down_box_b":[-196.6, 390.46, 224.05, -93.25, -15.28, -4.69],

            "r_down_box_ff":[100.58, 470.97, 218.54, -86.6, 6.24, 5.84],
            "r_down_box_f":[136.58, 470.97, 218.54, -86.6, 6.24, 5.84],
            "r_down_box":[136.14, 470.44, 246.39, -80.26, 1.04, 7.37],
            "r_down_box_b":[196.58, 370.97, 218.54, -86.6, 6.24, 5.84],


            "r_get_menbashou_ff":[103.79, 215.85, 364.65, -3.29, -69.85, -64.12],
            "r_get_menbashou_fff":[139.57, 349.55, 249.68, -123.13, -82.84, 41.44],
            "r_get_menbashou_f":[54.65, 410.29, 35.63, -164.25, -66.47, 46.37],
            "r_get_menbashou": [190.05, 464.44, -21.32, 177.48, -79.36, 48.25],
            "r_get_menbashou_b": [125.15, 503.31, 43.55, -163.04, -70.35, 85.51],
            "r_get_menbashou_bb":[98.28, 268.52, 277.37, -127.86, -81.33, 35.3],
            "r_get_fangdajing_ff":[224.46, 463.55,4.2,-153.48,-73.71, 37.42],
            "r_get_fangdajing_f":[230.46, 463.55,4.2,-151.48,-73.71, 37.42],
            "r_get_fangdajing": [255.73, 490.8, 20.52, 178.87, -68.97, 51.19],
            "r_get_fangdajing_b": [233.94, 499.26, 13.59, -179.02, -72.67, 86.51],

            "r_down_menbashou_f":[81.17, 483.84, -19.42, -121.64, -83.32, 10.69],
            "r_down_menbashou": [119.33, 530.74, -19.45, -97.64, -84.87, -21.61],
            "r_down_menbashou2": [134.28, 506.91, 118.2, 20.99, -83.78, -136.13],
            "r_down_menbashou_b": [81.17, 483.84, -19.42, -121.64, -83.32, 10.69],
            "r_down_menbashou_bb": [-60.12, 497.78, 285.69, -157.15, -82.45, 85.61],
            "r_down_menbashou_bbb": [193.53, 213.42, 302.18, -60.52, -75.26, -36.99],
            "r_down_menbashou_bbbb": [554.41, 50.75, 192.96, -81.9, -5.51, -70.34],


            "l_alter":[-125.92, 229.26, 307.08, -25.42, 77.08, 42.56],

            "l_re_get_capsule_ff": [-185.52, 345.54, 245.31, 129.59, 81.46, -111.98],
            "l_re_get_capsule_f": [-225.52, 345.54, 245.31, 129.59, 81.46, -111.98],
            "l_re_get_capsule": [-246.84, 331.88, 245.31, 129.59, 81.46, -111.98],
            "l_re_get_capsule_b": [-225.52, 345.54, 245.31, 129.59, 81.46, -111.98],
            "l_re_get_capsule_bb": [-185.52, 345.54, 245.31, 129.59, 81.46, -111.98],
            "l_re_get_capsule_detect":[-139.79, 373.37, 190.85, -116.33, 30.08, -26.75],

            "r_get_cup_ff": [260.92, 300.92, 235.08, -68.94, 3.4, 6.93],
            "r_get_cup_f": [230.92, 430.92, 235.08, -68.94, 3.4, 6.93],
            "r_get_cup": [170.92, 430.92, 235.08, -68.94, 3.4, 6.93],
            "r_get_cup2":[170.92, 433.92, 245.08, -68.94, 3.4, 6.93],
            "r_get_cup_b":[230.92, 433.92, 245.08, -68.94, 3.4, 6.93],
            "r_get_cup_bb":[260.92, 433.92, 245.08, -68.94, 3.4, 6.93],

            "disp2":"[28, -70, 45, 3]",
            "l_down_capsule_f":[-88.94, 421.02, 190.64, -118.67, 19.66, -33.72],
            "l_down_capsule":[-85.93, 441.65, 10.26, -120.55, 16.42, -20.22],
            "l_down_capsule_b":[-88.94, 421.02, 190.64, -118.67, 19.66, -33.72],
            "r_down_cup_fff": [260.22, 260.24, 239.81, -100.24, -0.3, 7.18],
            "r_down_cup_ff": [280.74, 304.59, 82.64, -122.0, 5.25, 7.96],
            "r_down_cup_f": [310.16, 347.6, -25.08, -106.74, 0.82, 7.65],
            "r_down_cup": [325.16, 347.6, -25.08, -106.74, 0.82, 7.65],
            "r_down_cup_b": [325.21, 337.57, -15.07, -106.74, 0.82, 7.64],
            "r_down_cup_bb": [310.22, 320.56, 0.06, -106.74, 0.82, 7.64],
            "r_down_cup_bbb":[193.8, 320.37, 127.04, -111.75, -30.83, 31.66],

            "disp3":"[28, -63, 45, 3]",
            "l_pull_lid_c":[-150.9, 300.72, 205.97, -116.66, 67.56, -52.72],
            "l_pull_lid_cc":[-96.95, 320.36, 86.38, -136.15, 24.76, -66.97],

            "l_pull_lid_fffff":[19.2, 415.77, 51.39, -107.95, -1.1, -49.38],
            "l_pull_lid_ffff":[-40.48, 424.99, 30.1, -119.9, 3.89, -49.58],
            "l_pull_lid_fff":[-99.24, 375.23, 65.92, -134.72, 4.36, -59.68],
            "l_pull_lid_ff":[-133.26, 301.76, 90.66, -142.21, 24.1, -69.31],
            "l_pull_lid_f":[-179.35, 265.99, 78.01, -150.26, 33.12, -74.54],
            "l_pull_lid":[-181.92, 267.18, 94.11, -156.03, 35.85, -78.36],
            "l_pull_lid_b":[-102.87, 278.48, 175.24, -170.86, 40.97, -108.04],

            "r_pull_lid_c":[150.79, 300.79, 163.3, -120.62, -57.42, 51.33],
            "r_pull_lid_cc":[92.81, 331.98, 104.36, -136.0, -22.2, 65.8],

            "r_pull_lid_fffff":[-26.41, 424.21, 52.9, -105.21, -10.9, 51.45],
            "r_pull_lid_ffff":[38.54, 415.32, 44.94, -116.3, -10.13, 46.81],
            "r_pull_lid_fff":[95.5, 375.36, 86.6, -131.54, -0.87, 53.03],
            "r_pull_lid_ff":[139.4, 307.46, 101.22, -138.75, -22.18, 62.8],
            "r_pull_lid_f":[180.69, 282.48, 116.38, -151.85, -25.84, 71.35],
            "r_pull_lid":[202.42, 264.03, 104.49, -152.82, -38.68, 80.35],
            "r_pull_lid_b":[102.57, 276.54, 145.79, -163.05, -40.81, 98.54],

            "l_press_button":[-60.3, 357.29, 86.62, -174.97, 51.58, -112.92],
            "l_press_button_b":[-135.46, 219.42, 175.56, -150.72, 47.79, -71.75],

            "r_press_button":[95.48, 377.73, 75.93, -169.28, -39.13, 97.7],
            "r_press_button_b":[140.73, 233.8, 140.48, -154.44, -43.67, 74.78],

            "r_press_button2_ff":[227.0, 204.78, 133.24, 158.25, -53.54, 137.82],
            "r_press_button2_f":[185.04, 260.44, 53.62, 160.66, -41.57, 147.82],
            "r_press_button2":[185.04, 272.44, 53.62, 160.66, -41.57, 147.82],


            "disp4":"[32, -72, 50, 3]",
            "l_safe_coffee_f":[-202.79, 230.67, 183.35, -119.08, 14.84, -21.56],
            "l_safe_coffee":[-280.64, 271.66, 65.03, -120.43, -1.75, -8.45],
            "l_safe_coffee_b":[-161.6, 253.67, 255.92, -119.22, 45.0, -36.13],
            "r_get_coffee_ff":[263.09, 275.22, 100.44, -120.27, -5.89, 9.43],
            "r_get_coffee_f":[263.04, 303.55, 61.07, -129.27, -5.89, 9.45],
            "r_get_coffee":[279.89, 318.3, -7.96, -119.86, 2.55, 9.63],
            "r_get_coffee_b":[233.87, 254.28, 120.68, -119.55, -0.9, 9.44],
            "r_get_coffee_bb":[300.8, 250.16, 140.34, -89.16, -1.86, 10.01],

           

            "r_get_coffee_home_f":[290.38, 453.97, 131.07, -93.89, 4.23, 8.87],
            "r_get_coffee_home":[290.38, 453.97, 131.07, -93.89, 4.23, 8.87],
            "r_get_coffee_home_b":[275.4, 400.96, 140.1, -93.89, 4.22, 8.87],
            "r_get_coffee_home_bb":[240.4, 250.96, 160.1, -93.89, 4.22, 8.87],

            "disp5":"[33, -72, 53, 3]",
            "r_send_coffee_f":[205.8, 467.04, 126.53, -80.88, 5.6, 19.12],
            "r_send_coffee":[255.41, 468.66, 123.64, -83.29, 1.01, 13.55],
            "r_send_coffee_b":[230.41, 440.66, 130.64, -83.29, 1.01, 13.55],
            "r_send_coffee_bb":[200.41, 300.66, 200.64, -83.29, 1.01, 13.55],
            "r_send_coffee_bbb":[203.75, 244.01, 254.18, -127.58, -52.64, 38.69],

            "r_send_coffee_f2":[238.49, 342.19, 152.77, -109.12, 0.18, 15.09],
            "r_send_coffee2":[290.49, 342.19, 152.77, -109.12, 0.18, 15.09],
            "r_send_coffee_b2":[270.47, 282.19, 192.78, -109.12, 0.18, 15.08],
            "r_send_coffee_bb2":[195.54, 224.71, 246.94, -103.32, -35.56, 10.94],

            "disp6":"[28, -63, 45, 3]",
            "l_safe_coffee1_f":[-202.79, 230.67, 183.35, -119.08, 14.84, -21.56],
            "l_safe_coffee1":[-304.32, 270.98, 87.57, -137.53, -0.17, -6.29],
            "l_safe_coffee1_b":[-161.6, 253.67, 255.92, -119.22, 45.0, -36.13],
            "r_get_coffee1_fff":[269.65, 239.64, 149.35, -116.29, -2.56, 11.54],
            "r_get_coffee1_ff":[287.58, 265.74, 108.11, -123.15, 0.5, 9.29],
            "r_get_coffee1_f":[295.64, 310.47, 79.71, -129.68, 0.47, 9.23],
            "r_get_coffee1":[295.29, 360.5, 35.69, -143.92, 0.06, 8.64],
            "r_get_coffee1_b":[313.41, 223.45, 147.54, -100.97, 1.75, 11.13],
            

            "r_get_coffee_home1_f":[328.75, 335.85, 169.33, -93.49, -0.82, 9.28],
            "r_get_coffee_home1":[348.75, 335.85, 169.33, -93.49, -0.82, 9.28],
            "r_get_coffee_home1_b":[328.75, 300.85, 169.33, -93.49, -0.82, 9.28],
            "r_get_coffee_home1_bb":[288.75, 270.85, 180.33, -93.49, -0.82, 9.28]
        },
        
        "hand_pose":{
            "l_zero":[0,0,0,0,0,0],
            "r_zero":[0,0,0,0,0,0],
            "l_test1":[0,0,100,0,0,0],
            "r_test1":[0,0,100,0,0,0],
            "l_get_capsule_f":[40, 100, 45, 50, 100, 100],
            "l_get_capsule":[61, 100, 50, 59, 100, 100],
            "r_get_menbashou_ff":[50, 50, 0, 0, 0, 0],
            "r_get_menbashou_fff":[50, 50, 0, 0, 0, 0],
            "r_get_menbashou":[100, 100, 100, 100, 100, 100],
            "r_get_menbashou_f":[50, 50, 100, 100, 100, 100],
            "r_down_menbashou":[0, 50, 0, 0, 0, 0],
            "r_down_menbashou_b":[100, 100, 0, 0, 100, 100],
            "r_down_menbashou_bb":[100, 100, 0, 0, 0, 0],
            "r_down_menbashou_bbb":[0, 100, 0, 0, 0, 0],
            "r_down_menbashou_bbbb":[0, 0, 0, 0, 0, 0],

            "r_get_fangdajing_ff":[50, 50, 0, 0, 0, 0],
            "r_get_fangdajing":[0, 0, 100, 100, 100, 100],
            "r_get_fangdajing_f":[90, 0, 100, 100, 100, 100],
            "r_down_fangdajing":[0, 50, 0, 0, 0, 0],

            "l_place_capsule":[45, 99, 50, 55, 100, 100],
            "r_get_cup_f":[0, 99, 45, 48, 50,40],
            "r_get_cup":[20, 99, 65, 80, 65, 46],
            "r_get_cup_b":[0, 99, 33, 42, 44, 23],
            "r_place_cup":[0,100,25,35,35,20],
            "r_place_cup_b":[0,100,10,20,22,10],
            "r_place_cup_bb":[0,100,0,0,0,0],

            "l_pull_lid":[0,0,30,30,30,30],
            "r_pull_lid":[0,0,30,30,30,30],
            "l_safe_coffee":[100,0,30,30,30,30],
            "r_get_coffee":[0, 100, 39, 47, 47, 37],
            "l_press_button":[13,0,0,0,0,0],
            "r_press_button":[50,0,0,0,0,0],
            "r_press_button2":[0,0,15,100,100,100],
            "r_press_button2_f":[0,0,0,100,100,100]
        },

        "test_auto_gohome":{
            "move_head_torso":{"use":true,"current_torso":[45,-90,45,2],"target_torso":[31, -70, 45, 2]},
            "ad_pose":{"left_arm":"胶囊视觉坐标","right_arm":"杯架视觉坐标"},
            "apose":{"left_arm":[-390.0,263.0,261.0,0,0,0],"right_arm":[84.0,520.0,161.0,0,0,0]},
            "tpose_l0":{"use_arm":"left_arm","t":"home","head_torso":[[0, -32],[31, -70, 45, 2]]},

            "return_gohome":{
                "move_head_torso":{"use":true,"current_torso":[45,-90,45,2],"target_torso":[31, -70, 45, 2]},
                "ad_pose":{"left_arm":"胶囊视觉坐标","right_arm":"杯架视觉坐标"},
                "apose":{"left_arm":[-390.0,263.0,261.0,0,0,0],"right_arm":[84.0,520.0,161.0,0,0,0]},
                "tpose_l0":{"use_arm":"left_arm","t":"home1","head_torso":[[0, -32],[31, -70, 45, 2]]}
            }
        },

        "连续运行无视觉":{
            "continuous":["回原点","变手姿态","左手抓胶囊_右手抓杯子","放较囊_放杯子","同步下拉前","下拉把手1","下拉把手2","左手按按钮","回放动作1","拿出咖啡","回原点"
                        ]},
        "自动放置们把手":{
            "continuous":["放置们把手2","放置们把手3","放置们把手5","放置们把手7","放置们把手9","回原点"]},
        "自动放置们把手2":{
            "continuous":["放置们把手2","放置们把手31","放置们把手5","放置们把手7","放置们把手9","回原点"]},
        "自动抓取们把手":{
            "continuous":["站立识别","抓取们把手","移动抓取位"]},
        "语音连续运行":{
            "continuous":["回原点","胶囊识别","咖啡机识别","判断_盖子打开","左手抓胶囊_右手抓杯子","判断_胶囊抓取_杯子抓取_yolo","放较囊_放杯子","放较囊_收回手","同步下拉前","下拉把手1","下拉把手2","右手按按钮","回放动作1","拿出咖啡","判断_检测并送出咖啡_yolo","回原点"
                        ]},
        "语音连续运行1":{
            "continuous":["回原点","左手抓胶囊_右手抓杯子","判断_胶囊抓取_杯子抓取","放较囊_放杯子","放较囊_收回手","同步下拉前","下拉把手1","下拉把手2","右手按按钮","拿出咖啡","送出咖啡","回原点"
                        ]},
        "回原点":{
            "speed":1,
            "tpose_0":{"use_arm":"left_arm","t":"home","end_effector":[0,"zero",0],"head_torso":[[0, -38],[45,-90,45,2]]},
            "tpose_1":{"use_arm":"right_arm","t":"home","end_effector":[0,"zero",0]}
        },

        "回原点2":{
            "voice_msg":["TASK_RES: bye-success"],
            "speed":1,
            "tpose_0":{"use_arm":"left_arm","t":"home","end_effector":[0,"zero",0],"head_torso":[[1, -33],[34,-69,34,1]]},
            "tpose_1":{"use_arm":"right_arm","t":"home","end_effector":[0,"zero",0]}
        },
        "视觉检测咖啡机位置":{
            "tpose_1":{"vision_app":[["d,0,0,0,0,0,0,2",1],["kafeiji",0],"send_recv","no_z_rxyz"]},
            "tpose_2":{"vision_app":[["d,0,0,0,0,0,0,5",1],["cup",0],"send_recv","no_z_rxyz"]}
        },

        "胶囊识别":{
            "tpose_1":{"vision_app":[["d,0,0,0,0,0,0,1",1],["capsule",0],"send_recv","no_z_rxyz"]}
        },
        "们把手识别":{
            "tpose_1":{"vision_app":[["d,0,0,0,0,0,0,26",1],["menbashou",0],"send_recv","no_z_rxyz"]}
        },

        "胶囊重新识别":{
           "tpose_1":{"vision_app":[["d,0,0,0,0,0,0,1",1],["re_capsule",0],"send_recv","no_z_rxyz"]}
        },

        "咖啡机识别":{
            "tpose_1":{"vision_app":[["d,0,0,0,0,0,0,2",1],["kafeiji",0],"send_recv","no_z_rxyz"]}
        },

        "杯架识别":{
            "tpose_1":{"vision_app":[["d,0,0,0,0,0,0,23",1],["cup",0],"send_recv","no_z_rxyz"]}
        },    

        "打开盖子":{
            "voice_msg":["TASK_RES: open_lid-success"],
            "move_head_torso":{"use":true,"current_torso":[45,-90,45,2],"target_torso":[45,-90,45,2]},
            "ad_pose":{"left_arm":"咖啡机视觉坐标","right_arm":"咖啡机视觉坐标"},
            "apose":{"left_arm":[-46.0,474.0,-117.0,0,0,0],"right_arm":[42.0,477.0,-96.0,0,0,0]},
            "tpose_l1":{"use_arm":"left_arm","t":"save_lid_f","arm_speed":2,"end_effector":[0,"zero",1.5],"vision_app":[["",0],["kafeiji",0],"","no_z_rxyz"],"head_torso":[[0, -38],[45,-90,45,2]],"head_torso_speed":1.5},
            "tpose_l2":{"use_arm":"left_arm","t":"save_lid","arm_speed":1.8,"vision_app":[["",0],["kafeiji",0],"","no_z_rxyz"]},
            "tpose_l3":{"use_arm":"left_arm","t":"save_lid_b","arm_speed":1.5,"end_effector":[0,"get_capsule_f",0.2],"vision_app":[["",0],["kafeiji",0],"","no_z_rxyz"]},

            "tpose_r0":{"use_arm":"right_arm","t":"open_lid_ff","arm_speed": 3,"vision_app":[["",0],["kafeiji",0],"","no_z_rxyz"]},
            "tpose_r1":{"use_arm":"right_arm","t":"open_lid_f","arm_speed": 2.2,"vision_app":[["",0],["kafeiji",0],"","no_z_rxyz"]},
            "tpose_r2":{"use_arm":"right_arm","t":"open_lid","arm_speed":2.2,"vision_app":[["",0],["kafeiji",0],"","no_z_rxyz"]}, 
            "tpose_r3":{"use_arm":"right_arm","t":"open_lid_b","arm_speed":2.2,"end_effector":[0,"get_cup_f",0],"vision_app":[["",0],["kafeiji",0],"","no_z_rxyz"]},
        
            "return_gohome":{
                "move_head_torso":{"use":true,"current_torso":[45,-90,45,2],"target_torso":[45,-90,45,2]},
                "ad_pose":{"left_arm":"咖啡机视觉坐标","right_arm":"咖啡机视觉坐标"},
                "apose":{"left_arm":[-46.0,474.0,-117.0,0,0,0],"right_arm":[42.0,477.0,-96.0,0,0,0]},
                "tpose_l1":{"use_arm":"left_arm","t":"save_lid_b","arm_speed":2,"end_effector":[0,"zero",1.5],"vision_app":[["",0],["kafeiji",0],"","no_z_rxyz"],"head_torso":[[0, -38],[45,-90,45,2]],"head_torso_speed":1.5},
                "tpose_l2":{"use_arm":"left_arm","t":"home","arm_speed":3,"end_effector":[0,"zero",0],"vision_app":[["",0],["kafeiji",0],"","no_z_rxyz"]},    

                "tpose_r0":{"use_arm":"right_arm","t":"open_lid_fff","arm_speed": 3,"vision_app":[["",0],["kafeiji",0],"","no_z_rxyz"]},
                "tpose_r1":{"use_arm":"right_arm","t":"home","arm_speed":3,"end_effector":[0,"zero",0],"vision_app":[["",0],["kafeiji",0],"","no_z_rxyz"]}
            }
        },

        "变手姿态":{
            "tpose_l0":{"use_arm":"left_arm","t":"home","arm_speed":3,"end_effector":[0,"get_capsule_f",0]},
            "tpose_r0":{"use_arm":"right_arm","t":"home","arm_speed":3,"end_effector":[0,"get_cup_f",0]}
        },

        "左变手姿态":{
            "tpose_l0":{"use_arm":"left_arm","t":"alter","end_effector":[0,"get_capsule_f",0],"arm_speed":3}
        },

        "左手抓胶囊_右手抓杯子":{
            "voice_msg":["TASK_RES: pick_coffee-success"],
            "move_head_torso":{"use":true,"current_torso":[45,-90,45,2],"target_torso":[31, -70, 45, 2]},
            "ad_pose":{"left_arm":"胶囊视觉坐标","right_arm":"杯架视觉坐标"},
            "apose":{"left_arm":[-334.0,378.0,210.0,0,0,0],"right_arm":[84.0,520.0,161.0,0,0,0]},
            "tpose_l0":{"use_arm":"left_arm","t":"get_capsule_ff","arm_speed":3,"end_effector":[0,"get_capsule_f",0],"vision_app":[["",0],["capsule",0],"","no_z_rxyz"],"head_torso":[[0, -38],[31, -70, 45, 2]],"head_torso_speed":1.5},
            "tpose_l1":{"use_arm":"left_arm","t":"get_capsule_ff","arm_speed":3,"end_effector":[0,"get_capsule_f",0],"vision_app":[["",0],["capsule",0],"","no_z_rxyz"]},
            "tpose_l3":{"use_arm":"left_arm","t":"get_capsule_f","arm_speed":3,"vision_app":[["",0],["capsule",0],"","no_z_rxyz"]},
            "tpose_l4":{"use_arm":"left_arm","t":"get_capsule","arm_speed":2,"end_effector":[0.1,"get_capsule",0.5],"vision_app":[["",0],["capsule",0],"","no_z_rxyz"]},
            "tpose_l5":{"use_arm":"left_arm","t":"get_capsule_b","arm_speed":3,"end_effector":[0,"get_capsule",0],"vision_app":[["",0],["capsule",0],"","no_z_rxyz"]},
            "tpose_l6":{"use_arm":"left_arm","t":"get_capsule_bb","vision_app":[["",0],["capsule",0],"","no_z_rxyz"],"arm_speed":2.2},
            "tpose_l7":{"use_arm":"left_arm","t":"get_capsule_detect","arm_speed":2.8},

            "tpose_r0":{"use_arm":"right_arm","t":"get_cup_ff","arm_speed": 2,"end_effector":[0,"get_cup_f",0],"vision_app":[["",0],["cup",0],"","no_z_rxyz"]},
            "tpose_r1":{"use_arm":"right_arm","t":"get_cup_f","arm_speed": 2,"end_effector":[0,"get_cup_f",0],"vision_app":[["",0],["cup",0],"","no_z_rxyz"]},
            "tpose_r2":{"use_arm":"right_arm","t":"get_cup","arm_speed":2.2,"end_effector":[0,"get_cup_f",0],"vision_app":[["",0],["cup",0],"","no_z_rxyz"]}, 
            "tpose_r3":{"use_arm":"right_arm","t":"get_cup2","arm_speed":2.2,"end_effector":[0.2,"get_cup",0.7],"vision_app":[["",0],["cup",0],"","no_z_rxyz"]}, 
            "tpose_r4":{"use_arm":"right_arm","t":"get_cup_b","arm_speed":1.5,"end_effector":[0,"get_cup",0],"vision_app":[["",0],["cup",0],"","no_z_rxyz"]}, 
            "tpose_r6":{"use_arm":"right_arm","t":"get_cup_bb","arm_speed":2.2,"end_effector":[0,"get_cup_b",0.4],"vision_app":[["",0],["cup",0],"","no_z_rxyz"]},

            "return_gohome":{
                "move_head_torso":{"use":true,"current_torso":[45,-90,45,2],"target_torso":[31, -70, 45, 2]},
                "ad_pose":{"left_arm":"胶囊视觉坐标","right_arm":"杯架视觉坐标"},
                "apose":{"left_arm":[-334.0,378.0,210.0,0,0,0],"right_arm":[84.0,520.0,161.0,0,0,0]},
                "tpose_r0":{"use_arm":"right_arm","t":"get_cup","arm_speed":2.2,"end_effector":[0,"get_cup_f",0.5],"vision_app":[["",0],["cup",0],"","no_z_rxyz"]}, 
                "tpose_r1":{"use_arm":"right_arm","t":"get_cup_f","arm_speed": 2,"end_effector":[0,"get_cup_f",0],"vision_app":[["",0],["cup",0],"","no_z_rxyz"]},
                "tpose_r2":{"use_arm":"right_arm","t":"get_cup_ff","arm_speed": 2,"end_effector":[0,"get_cup_f",0],"vision_app":[["",0],["cup",0],"","no_z_rxyz"]}                
            }
        },

        "重抓杯子":{
            "voice_msg":["TASK_RES: re_get_cup-success"],
            "move_head_torso":{"use":true,"current_torso":[45,-90,45,2],"target_torso":[31, -70, 45, 2]},
            "ad_pose":{"left_arm":"胶囊视觉坐标","right_arm":"杯架视觉坐标"},
            "apose":{"left_arm":[-334.0,378.0,210.0,0,0,0],"right_arm":[84.0,520.0,161.0,0,0,0]},
            "tpose_r1":{"use_arm":"right_arm","t":"get_cup_f","arm_speed": 2,"end_effector":[0,"get_cup_f",0],"vision_app":[["",0],["cup",0],"","no_z_rxyz"]},
            "tpose_r2":{"use_arm":"right_arm","t":"get_cup","arm_speed":2.2,"end_effector":[0,"get_cup_f",0],"vision_app":[["",0],["cup",0],"","no_z_rxyz"]}, 
            "tpose_r3":{"use_arm":"right_arm","t":"get_cup2","arm_speed":2.2,"end_effector":[0.2,"get_cup",0.7],"vision_app":[["",0],["cup",0],"","no_z_rxyz"]}, 
            "tpose_r4":{"use_arm":"right_arm","t":"get_cup_b","arm_speed":1.5,"end_effector":[0,"get_cup",0],"vision_app":[["",0],["cup",0],"","no_z_rxyz"]}, 
            "tpose_r6":{"use_arm":"right_arm","t":"get_cup_bb","arm_speed":2.2,"end_effector":[0,"get_cup_b",0.4],"vision_app":[["",0],["cup",0],"","no_z_rxyz"]},
        
            "return_gohome":{
                "move_head_torso":{"use":true,"current_torso":[45,-90,45,2],"target_torso":[31, -70, 45, 2]},
                "ad_pose":{"left_arm":"胶囊视觉坐标","right_arm":"杯架视觉坐标"},
                "apose":{"left_arm":[-334.0,378.0,210.0,0,0,0],"right_arm":[84.0,520.0,161.0,0,0,0]},
                "tpose_r0":{"use_arm":"right_arm","t":"get_cup","arm_speed":2.2,"end_effector":[0,"get_cup_f",0.5],"vision_app":[["",0],["cup",0],"","no_z_rxyz"]}, 
                "tpose_r1":{"use_arm":"right_arm","t":"get_cup_f","arm_speed": 2,"end_effector":[0,"get_cup_f",0],"vision_app":[["",0],["cup",0],"","no_z_rxyz"]},
                "tpose_r2":{"use_arm":"right_arm","t":"get_cup_ff","arm_speed": 2,"end_effector":[0,"get_cup_f",0],"vision_app":[["",0],["cup",0],"","no_z_rxyz"]}
            }
        
        },

        "胶囊抓取":{
            "move_head_torso":{"use":true,"current_torso":[45,-90,45,2],"target_torso":[31, -70, 45, 2]},
            "ad_pose":{"left_arm":"胶囊视觉坐标","right_arm":"杯架视觉坐标"},
            "apose":{"left_arm":[290.0,476.0,218.0,0,0,0],"right_arm":[84.0,520.0,161.0,0,0,0]},
            "tpose_l1":{"use_arm":"left_arm","t":"get_capsule_ff","arm_speed":1.2,"end_effector":[0,"get_capsule_f",0.2],"vision_app":[["",0],["capsule",0],"","no_z_rxyz"],"head_torso":[[0, -32],[31, -70, 45, 2]],"head_torso_speed":1.5},
            "tpose_l3":{"use_arm":"left_arm","t":"get_capsule_f","arm_speed":1.5,"vision_app":[["",0],["capsule",0],"","no_z_rxyz"]},
            "tpose_l4":{"use_arm":"left_arm","t":"get_capsule","arm_speed":1.5,"end_effector":[0.3,"get_capsule",0.6],"vision_app":[["",0],["capsule",0],"","no_z_rxyz"]},
            "tpose_l5":{"use_arm":"left_arm","t":"get_capsule_b","arm_speed":1.8,"end_effector":[0,"get_capsule",0],"vision_app":[["",0],["capsule",0],"","no_z_rxyz"]},
            "tpose_l6":{"use_arm":"left_arm","t":"get_capsule_bb","vision_app":[["",0],["capsule",0],"","no_z_rxyz"],"arm_speed":2.2},
            "tpose_l7":{"use_arm":"left_arm","t":"get_capsule_detect","vision_app":[["",0],["capsule",0],"","no_z_rxyz"],"arm_speed":2.2}
        },

         "站立识别":{
            "move_head_torso":{"use":true,"current_torso":[34,-69,34,1],"target_torso":[34, -69, 34, 1],"target_torso2":[10, -20, 10, -0]},
            "tpose_l1":{"use_arm":"right_arm","t":"get_menbashou_ff","arm_speed":1.4,"end_effector":[0,"r_get_menbashou_ff",0.2],"head_torso":[[0, -33],[10, -20, 10, -0]],"head_torso_speed":1.4}
           
            
        },
        "抓取们把手":{
            "move_head_torso":{"use":true,"current_torso":[34,-69,34,1],"target_torso":[34, -69, 38, 1],"target_torso2":[10, -20, 10, -0]},
            "ad_pose":{"left_arm":"们把手视觉坐标","right_arm":"杯架视觉坐标"}, 
            "apose":{"left_arm":[290.0,476.0,218.0,0,0,0],"right_arm":[323.0,523.0,-99.0, 0,0,0]},
            "tpose_l1":{"use_arm":"right_arm","t":"get_menbashou_ff","arm_speed":1.4,"end_effector":[0,"r_get_menbashou_ff",0.2]},
            "tpose_l2":{"use_arm":"right_arm","t":"get_menbashou_fff","arm_speed":1.4,"end_effector":[0,"r_get_menbashou_fff",0.2]},
            "tpose_l3":{"use_arm":"right_arm","t":"get_menbashou_f","arm_speed":1.8,"vision_app":[["",0],["menbashou",0],"","no_z_rxyz"]},
            "tpose_l4":{"use_arm":"right_arm","t":"get_menbashou","arm_speed":1.5,"end_effector":[0.3,"r_get_menbashou_f",0.6],"vision_app":[["",0],["menbashou",0],"","no_z_rxyz"]},
            "tpose_l5":{"use_arm":"right_arm","t":"get_menbashou_b","arm_speed":1.8,"end_effector":[0,"r_get_menbashou",0],"vision_app":[["",0],["menbashou",0],"","no_z_rxyz"]},
            "tpose_l6":{"use_arm":"right_arm","t":"get_menbashou_bb","arm_speed":1.8,"end_effector":[0,"r_get_menbashou",0]}
        },
        "移动抓取位":{
            "move_head_torso":{"use":true,"current_torso":[34,-69,34,1],"target_torso":[10, -20, 10, -0],"target_torso2":[10, -20, 10, -0]},
            "tpose_l1":{"use_arm":"right_arm","t":"get_menbashou_bb","arm_speed":1.8,"end_effector":[0,"r_get_menbashou",0],"head_torso":[[0, -13],[10, -20, 10, -0]],"head_torso_speed":1.4}
        },
        "抓取料框":{
            "move_head_torso":{"use":true,"current_torso":[41, -74, 33, 0],"target_torso":[41, -74, 33, 0]},
            "tpose_l1":{"use_arm":"right_arm","t":"get_box_ff","arm_speed":1.4,"end_effector":[0,"r_get_fangdajing",0.2]},
            "tpose_l3":{"use_arm":"right_arm","t":"get_box_f","arm_speed":1.8,"end_effector":[0,"r_get_menbashou",0.6]},
            "tpose_l4":{"use_arm":"right_arm","t":"get_box","arm_speed":1.8},
            "tpose_l5":{"use_arm":"right_arm","t":"get_box_b","arm_speed":1.8},
            "tpose_l6":{"use_arm":"right_arm","t":"get_box_bb","arm_speed":1.8},
            "tpose_r1":{"use_arm":"left_arm","t":"get_box_ff","arm_speed":111.4,"end_effector":[0,"r_get_fangdajing",0.2]},
            "tpose_r3":{"use_arm":"left_arm","t":"get_box_f","arm_speed":1.8,"end_effector":[0,"r_get_menbashou",0.6]},
            "tpose_r4":{"use_arm":"left_arm","t":"get_box","arm_speed":1.5},
            "tpose_r5":{"use_arm":"left_arm","t":"get_box_b","arm_speed":1.5},
            "tpose_r6":{"use_arm":"left_arm","t":"get_box_bb","arm_speed":1.5}
        },

        "抓取料框站直":{
            "move_head_torso":{"use":true,"current_torso":[41, -74, 33, 0],"target_torso":[10, -30, 23, 0]},
            "tpose_l6":{"use_arm":"right_arm","t":"get_box_bb","arm_speed":1.5,"head_torso":[[0, 0],[10, -30, 23, 0]],"head_torso_speed":1.5},
            "tpose_r6":{"use_arm":"left_arm","t":"get_box_bb","arm_speed":1.5}
        },

        "放置料框":{
            "move_head_torso":{"use":true,"current_torso":[10, -30, 23, 0],"target_torso":[18, -30, 23, 0]},
            
            "tpose_l1":{"use_arm":"right_arm","t":"down_box_ff","arm_speed":0.4,"end_effector":[0,"r_get_menbashou",0.2],"head_torso":[[0, -30],[18, -30, 23, 0]],"head_torso_speed":0.4},
            "tpose_l2":{"use_arm":"right_arm","t":"down_box_f","arm_speed":0.4},
            "tpose_l3":{"use_arm":"right_arm","t":"down_box","arm_speed":0.4},
            "tpose_r1":{"use_arm":"left_arm","t":"down_box_ff","arm_speed":0.4,"end_effector":[0,"r_get_menbashou",0.2]},
            "tpose_r2":{"use_arm":"left_arm","t":"down_box_f","arm_speed":0.4},
            "tpose_r3":{"use_arm":"left_arm","t":"down_box","arm_speed":0.4}
        },

        "抓取放大镜":{
            "move_head_torso":{"use":true,"current_torso":[34,-69,34,1],"target_torso":[34, -69, 38, 1],"target_torso2":[48, -89, 34, 1]},
            "ad_pose":{"left_arm":"们把手视觉坐标","right_arm":"杯架视觉坐标"}, 
            "apose":{"left_arm":[290.0,476.0,218.0,0,0,0],"right_arm":[418.0,570.0,-77.0, 0,0,0]},
            "tpose_l1":{"use_arm":"right_arm","t":"get_fangdajing_ff","ht2":[[1, -33],[48, -89, 34, 1]],"arm_speed":2.4,"end_effector":[0,"r_get_fangdajing_ff",0.2],"vision_app":[["",0],["fangdajing",0],"","no_z_rxyz"],"head_torso":[[1, -33],[34, -69, 38, 1]],"head_torso_speed":1.5},
            "tpose_l3":{"use_arm":"right_arm","t":"get_fangdajing_f","arm_speed":1.8,"vision_app":[["",0],["fangdajing",0],"","no_z_rxyz"]},
            "tpose_l4":{"use_arm":"right_arm","t":"get_fangdajing","arm_speed":1.5,"end_effector":[0.3,"r_get_fangdajing_f",0.6],"vision_app":[["",0],["fangdajing",0],"","no_z_rxyz"]},
            "tpose_l5":{"use_arm":"right_arm","t":"get_fangdajing_b","arm_speed":1.8,"end_effector":[0,"r_get_fangdajing",0],"vision_app":[["",0],["fangdajing",0],"","no_z_rxyz"]}
            
        },

        "抓取们把手1":{
            "move_head_torso":{"use":true,"current_torso":[34,-69,34,1],"target_torso":[34, -69, 38, 1],"target_torso2":[34, -69, 38, 16]},
            "ad_pose":{"left_arm":"们把手视觉坐标","right_arm":"杯架视觉坐标"},
            "apose":{"left_arm":[290.0,476.0,218.0,0,0,0],"right_arm":[418.0,570.0,-77.0, 0,0,0]},
            "tpose_l0":{"use_arm":"left_arm","t":"qwe","arm_speed":2,"ht2":[[1, -33],[34, -69, 38, 16]],"end_effector":[0,"r_get_menbashou_ff",0.2],"vision_app":[["",0],["menbashou",0],"","no_z_rxyz"],"head_torso":[[1, -33],[34, -69, 38, 1]],"head_torso_speed":1.5}
        },

        "放置们把手":{
            "move_head_torso":{"use":true,"current_torso":[34,-69,34,1],"target_torso":[34, -69, 38, 1]},
            "ad_pose":{"left_arm":"们把手视觉坐标","right_arm":"杯架视觉坐标"},
            "apose":{"left_arm":[290.0,476.0,218.0,0,0,0],"right_arm":[418.0,570.0,-77.0, 0,0,0]},
            "tpose_l1":{"use_arm":"right_arm","t":"down_menbashou_f","ht2":[[1, -33],[34, -69, 38, 1]],"arm_speed":1.4,"end_effector":[0,"r_get_menbashou",0.2],"vision_app":[["",0],["menbashou",0],"","no_z_rxyz"],"head_torso":[[1, -33],[34, -69, 38, 1]],"head_torso_speed":1.5},
            "tpose_l3":{"use_arm":"right_arm","t":"down_menbashou_f","arm_speed":1.5,"vision_app":[["",0],["menbashou",0],"","no_z_rxyz"]},
            "tpose_l4":{"use_arm":"right_arm","t":"down_menbashou","arm_speed":1.5,"end_effector":[0.3,"r_get_menbashou_ff",0.6],"vision_app":[["",0],["menbashou",0],"","no_z_rxyz"]},
            "tpose_l5":{"use_arm":"right_arm","t":"down_menbashou_b","arm_speed":1.8,"end_effector":[0,"r_down_menbashou",0],"vision_app":[["",0],["menbashou",0],"","no_z_rxyz"]},
            "tpose_l6":{"use_arm":"right_arm","t":"down_menbashou_bb","arm_speed":1.8,"end_effector":[0,"r_down_menbashou",0],"vision_app":[["",0],["menbashou",0],"","no_z_rxyz"]}
        },
        "放置们把手2":{
            "move_head_torso":{"use":true,"current_torso":[34,-69,34,1],"target_torso":[30.0, -52.02,40.0, -0.01]},
            "tpose_l1":{"use_arm":"right_arm","t":"down_menbashou_f","arm_speed":0.4,"end_effector":[0,"r_get_menbashou",0.2]}
        },
        "放置们把手3":{
            "move_head_torso":{"use":true,"current_torso":[34,-69,34,1],"target_torso":[30.0, -52.02,40.0, -0.01]},
            "ad_pose":{"left_arm":"们把手视觉坐标","right_arm":"杯架视觉坐标"},
            "apose":{"left_arm":[290.0,476.0,218.0,0,0,0],"right_arm":[418.0,570.0,-77.0, 0,0,0]},
            "tpose_l2":{"use_arm":"right_arm","t":"down_menbashou_f","arm_speed":0.4,"end_effector":[0,"r_get_menbashou",0.2],"head_torso":[[0, -33],[30.0, -52.02,40.0, -0.01]],"head_torso_speed":0.4},
            "tpose_l4":{"use_arm":"right_arm","t":"down_menbashou","arm_speed":0.5,"end_effector":[0.3,"r_get_menbashou",0.6]}
        },
        "放置们把手31":{
            "move_head_torso":{"use":true,"current_torso":[34,-69,34,1],"target_torso":[30.0, -52.02,40.0, -0.01]},
            "ad_pose":{"left_arm":"们把手视觉坐标","right_arm":"杯架视觉坐标"},
            "apose":{"left_arm":[290.0,476.0,218.0,0,0,0],"right_arm":[418.0,570.0,-77.0, 0,0,0]},
            "tpose_l2":{"use_arm":"right_arm","t":"down_menbashou_f","arm_speed":0.4,"end_effector":[0,"r_get_menbashou",0.2],"head_torso":[[0, -33],[30.0, -52.02,40.0, -0.01]],"head_torso_speed":0.4},
            "tpose_l4":{"use_arm":"right_arm","t":"down_menbashou2","arm_speed":0.5,"end_effector":[0.3,"r_get_menbashou",0.6]}
        },

        "放置们把手5":{
            "time_sleep":1,
            "move_head_torso":{"use":true,"current_torso":[34,-69,34,1],"target_torso":[34, -69, 38, 1]},
            "ad_pose":{"left_arm":"们把手视觉坐标","right_arm":"杯架视觉坐标"},
            "apose":{"left_arm":[290.0,476.0,218.0,0,0,0],"right_arm":[418.0,570.0,-77.0, 0,0,0]},
            "tpose_l5":{"use_arm":"right_arm","t":"down_menbashou","arm_speed":0.8,"end_effector":[0,"r_down_menbashou_b",0]},
            "tpose_l6":{"use_arm":"right_arm","t":"down_menbashou","arm_speed":0.8,"end_effector":[0,"r_down_menbashou_bb",0]}
        },

        "放置们把手7":{
            "move_head_torso":{"use":true,"current_torso":[34,-69,34,1],"target_torso":[34, -69, 38, 1]},
            "ad_pose":{"left_arm":"们把手视觉坐标","right_arm":"杯架视觉坐标"},
            "apose":{"left_arm":[290.0,476.0,218.0,0,0,0],"right_arm":[418.0,570.0,-77.0, 0,0,0]},
            "tpose_l7":{"use_arm":"right_arm","t":"down_menbashou","arm_speed":0.8,"end_effector":[0,"r_down_menbashou_bbb",0]},
            "tpose_l8":{"use_arm":"right_arm","t":"down_menbashou_b","arm_speed":0.8,"end_effector":[0,"r_down_menbashou_bbbb",0]}

        },
        "放置们把手9":{
            "move_head_torso":{"use":true,"current_torso":[34,-69,34,1],"target_torso":[10, -20, 10, -0]},
            "tpose_l9":{"use_arm":"right_arm","t":"down_menbashou_bb","arm_speed":0.8,"end_effector":[0,"r_get_menbashou",0],"head_torso":[[0, -13],[10, -20, 10, -0]],"head_torso_speed":1.4},
            "tpose_l10":{"use_arm":"right_arm","t":"down_menbashou_bbb","arm_speed":0.8,"end_effector":[0,"r_get_menbashou",0]}

        },


        "放置们把手12":{
            "time_sleep":2,
            "move_head_torso":{"use":true,"current_torso":[34,-69,38,1],"target_torso":[34,-69,34,1]},
            "ad_pose":{"left_arm":"咖啡机视觉坐标","right_arm":"咖啡机视觉坐标"},
            "apose":{"left_arm":[-46.0,474.0,-117.0,0,0,0],"right_arm":[215.8, 286.97, 496.39,0,0,0]},
            "tpose1_l5":{"use_arm":"right_arm","t":"pickdown","arm_speed":2.1,"vision_app":[["",0],["liaokuang",0],"","no_z_rxyz"],"head_torso":[[-33, -33],[34,-69,34,1]],"head_torso_speed":1.4},
            "tpose_0":{"use_arm":"right_arm","t":"pickdown","end_effector":[0,"r_down_menbashou",0],"head_torso":[[-30, -33],[34,-69,34,1]]}
        },
        "放置们把手11":{
            "move_head_torso":{"use":true,"current_torso":[34,-69,38,1],"target_torso":[34,-69,34,1]},
           
            "tpose_1":{"use_arm":"right_arm","t":"pickdown_f","end_effector":[0,"r_down_menbashou",0],"head_torso":[[-30, -33],[34,-69,34,1]]}
        },
        "放置们把手14":{
            "move_head_torso":{"use":true,"current_torso":[34,-69,38,1],"target_torso":[34,-69,34,1]},
            "ad_pose":{"left_arm":"咖啡机视觉坐标","right_arm":"咖啡机视觉坐标"},
            "apose":{"left_arm":[-46.0,474.0,-117.0,0,0,0],"right_arm":[215.8, 286.97, 496.39,0,0,0]},
            "tpose_l5":{"use_arm":"right_arm","t":"pickdown","arm_speed":2.1,"vision_app":[["",0],["liaokuang",0],"","no_z_rxyz"],"head_torso":[[-33, -33],[34,-69,34,1]],"head_torso_speed":1.4},
            "tpose1_0":{"use_arm":"right_arm","t":"pickdown","end_effector":[0,"r_down_menbashou",0],"head_torso":[[-30, -33],[34,-69,34,1]]}
        },

        "左手重抓胶囊_右手抓杯子":{
            "voice_msg":["TASK_RES: re_get_capsule_cup-success"],
            "move_head_torso":{"use":true,"current_torso":[45,-90,45,2],"target_torso":[31, -70, 45, 2]},
            "ad_pose":{"left_arm":"重新胶囊视觉坐标","right_arm":"杯架视觉坐标"},
            "apose":{"left_arm":[-365.0,412.0,208.0,0,0,0],"right_arm":[84.0,520.0,161.0,0,0,0]},
            "tpose_l0":{"use_arm":"left_arm","t":"get_capsule_ff","arm_speed":3,"end_effector":[0,"get_capsule_f",0],"vision_app":[["",0],["re_capsule",0],"","no_z_rxyz"],"head_torso":[[0, -38],[31, -70, 45, 2]],"head_torso_speed":1.5},
            "tpose_l1":{"use_arm":"left_arm","t":"re_get_capsule_ff","arm_speed":2.2,"end_effector":[0,"get_capsule_f",0.2],"vision_app":[["",0],["re_capsule",0],"","no_z_rxyz"]},
            "tpose_l3":{"use_arm":"left_arm","t":"re_get_capsule_f","arm_speed":2.2,"vision_app":[["",0],["re_capsule",0],"","no_z_rxyz"]},
            "tpose_l4":{"use_arm":"left_arm","t":"re_get_capsule","arm_speed":1.5,"end_effector":[0.3,"get_capsule",0.6],"vision_app":[["",0],["re_capsule",0],"","no_z_rxyz"]},
            "tpose_l5":{"use_arm":"left_arm","t":"re_get_capsule_b","arm_speed":1.8,"end_effector":[0,"get_capsule",0],"vision_app":[["",0],["re_capsule",0],"","no_z_rxyz"]},
            "tpose_l6":{"use_arm":"left_arm","t":"re_get_capsule_bb","vision_app":[["",0],["re_capsule",0],"","no_z_rxyz"],"arm_speed":2},
            "tpose_l7":{"use_arm":"left_arm","t":"re_get_capsule_detect","arm_speed":3},

            "tpose_r1":{"use_arm":"right_arm","t":"get_cup_f","arm_speed": 2,"end_effector":[0,"get_cup_f",0],"vision_app":[["",0],["cup",0],"","no_z_rxyz"]},
            "tpose_r2":{"use_arm":"right_arm","t":"get_cup","arm_speed":2.2,"end_effector":[0,"get_cup_f",0],"vision_app":[["",0],["cup",0],"","no_z_rxyz"]},
            "tpose_r3":{"use_arm":"right_arm","t":"get_cup2","arm_speed":2.2,"end_effector":[0.2,"get_cup",0.7],"vision_app":[["",0],["cup",0],"","no_z_rxyz"]},
            "tpose_r4":{"use_arm":"right_arm","t":"get_cup_b","arm_speed":1.5,"end_effector":[0,"get_cup",0],"vision_app":[["",0],["cup",0],"","no_z_rxyz"]},
            "tpose_r6":{"use_arm":"right_arm","t":"get_cup_bb","arm_speed":2.2,"end_effector":[0,"get_cup_b",0.4],"vision_app":[["",0],["cup",0],"","no_z_rxyz"]},
        
            "return_gohome":{
                "move_head_torso":{"use":true,"current_torso":[45,-90,45,2],"target_torso":[31, -70, 45, 2]},
                "ad_pose":{"left_arm":"胶囊视觉坐标","right_arm":"杯架视觉坐标"},
                "apose":{"left_arm":[-365.0,412.0,208.0,0,0,0],"right_arm":[84.0,520.0,161.0,0,0,0]},
                "tpose_r0":{"use_arm":"right_arm","t":"get_cup","arm_speed":2.2,"end_effector":[0,"get_cup_f",0.5],"vision_app":[["",0],["cup",0],"","no_z_rxyz"]}, 
                "tpose_r1":{"use_arm":"right_arm","t":"get_cup_f","arm_speed": 2,"end_effector":[0,"get_cup_f",0],"vision_app":[["",0],["cup",0],"","no_z_rxyz"]},
                "tpose_r2":{"use_arm":"right_arm","t":"get_cup_ff","arm_speed": 2,"end_effector":[0,"get_cup_f",0],"vision_app":[["",0],["cup",0],"","no_z_rxyz"]} 
            }
        },

        "重抓胶囊":{
            "voice_msg":["TASK_RES: re_get_capsule-success"],
            "move_head_torso":{"use":true,"current_torso":[45,-90,45,2],"target_torso":[31, -70, 45, 2]},
            "ad_pose":{"left_arm":"重新胶囊视觉坐标","right_arm":"杯架视觉坐标"},
            "apose":{"left_arm":[-365.0,412.0,208.0,0,0,0],"right_arm":[84.0,520.0,161.0,0,0,0]},
            "tpose_l1":{"use_arm":"left_arm","t":"re_get_capsule_ff","arm_speed":2.2,"end_effector":[0,"get_capsule_f",0.2],"vision_app":[["",0],["re_capsule",0],"","no_z_rxyz"],"head_torso":[[0, -38],[31, -70, 45, 2]],"head_torso_speed":1},
            "tpose_l3":{"use_arm":"left_arm","t":"re_get_capsule_f","arm_speed":2.2,"vision_app":[["",0],["re_capsule",0],"","no_z_rxyz"]},
            "tpose_l4":{"use_arm":"left_arm","t":"re_get_capsule","arm_speed":1.5,"end_effector":[0.3,"get_capsule",0.6],"vision_app":[["",0],["re_capsule",0],"","no_z_rxyz"]},
            "tpose_l5":{"use_arm":"left_arm","t":"re_get_capsule_b","arm_speed":1.8,"end_effector":[0,"get_capsule",0],"vision_app":[["",0],["re_capsule",0],"","no_z_rxyz"]},
            "tpose_l6":{"use_arm":"left_arm","t":"re_get_capsule_bb","vision_app":[["",0],["re_capsule",0],"","no_z_rxyz"],"arm_speed":2},
            "tpose_l7":{"use_arm":"left_arm","t":"re_get_capsule_detect","arm_speed":2}
        },

        "判断_盖子打开":{
            "rgb_vision":true,
            "visual_judge":{"T":["打开盖子","变手姿态"],
                            "F":["变手姿态"]},
            "vision_0":{"color_analyze":{"roi_coords":[1042,431,101,7],"camera_num":3,"color":"深暗黑","save":{"F":false},"name":"open_lid"}}
        },


        "判断_是否有杯子":{
            "rgb_vision":true,
            "visual_judge":{"F":["拿出咖啡2","送出咖啡3","回原点"]},
            "vision_0":{"color_analyze":{"roi_coords":[1023,608,58,41],"camera_num":3,"color":"深暗黑","save":{"F":false},"name":"open_lid"}}
        },


        "判断_是否有杯子_yolo": {
            "yolo_vision": true,
            "visual_judge": {
                "T":["拿出咖啡2","送出咖啡3","回原点"]
            },
            "vision_0": {
                "yolo_analyze": {
                    "roi_coords": [940,446,213,314],
                    "camera_num": 3,
                    "class_name": "cup",
                    "conf_threshold": 0.6,
                    "save": {"T": false, "F": false},
                    "name": "cup_detect_grasp",
                    "model_path": "/home/dexforce/workspace/dexe_application/qt/best.pt"
                }
            }
        },

        "判断_检测并送出咖啡":{
            "rgb_vision":true,
            "visual_judge":{"FF":["判断_检测并送出咖啡"],
                        "TT":["送出咖啡"],
                        "FT":["送出咖啡2"],
                        "TF":["判断_检测并送出咖啡"]},
            "vision_0":{"color_analyze":{"roi_coords":[1309,513,21,14],"color":"白灰","save":{"F":false,"T":false},"name":"send_coffee1"}} ,
            "vision_1":{"color_analyze":{"roi_coords":[1260,654,21,19],"camera_num":3,"color":"白灰","save":{"F":false},"name":"send_coffee2"}}
        },


        "判断_检测并送出咖啡_yolo": {
            "yolo_vision": true,
            "visual_judge": {
                "T":["送出咖啡2"],
                "F":["送出咖啡"]
            },
            "vision_0": {
                "yolo_analyze": {
                    "roi_coords": [1166,196,300,417],
                    "camera_num": 3,
                    "class_name": "cup",
                    "conf_threshold": 0.6,
                    "save": {"T": false, "F": false},
                    "name": "cup_detect_grasp",
                    "model_path": "/home/dexforce/workspace/dexe_application/qt/best.pt"
                }
            }
        },



        "判断_胶囊抓取_杯子抓取":{
            "rgb_vision":true,
            "visual_judge":{"TF":["左变手姿态","胶囊重新识别","重抓胶囊","判断_胶囊抓取_杯子抓取"],
                            "FT":["重抓杯子","判断_胶囊抓取_杯子抓取"],
                            "FF":["左变手姿态","胶囊重新识别","左手重抓胶囊_右手抓杯子","判断_胶囊抓取_杯子抓取"]},
            "vision_0":{"color_analyze":{"roi_coords":[1568,450,19,21],"color":"红橙","save":{"F":false},"name":"get_cup_detect"}} ,
            "vision_1":{"color_analyze":{"roi_coords":[705,290,9,16],"camera_num":3,"color":"深黄蓝绿红粉黑青暗紫","save":{"T":false},"name":"get_capsule_detect"}}
        },

        "判断_胶囊抓取_杯子抓取_yolo": {
            "yolo_vision": true,
            "visual_judge": {
                "TF":["左变手姿态","胶囊重新识别","重抓胶囊","判断_胶囊抓取_杯子抓取_yolo"],
                "FT":["重抓杯子","判断_胶囊抓取_杯子抓取_yolo"],
                "FF":["左变手姿态","胶囊重新识别","左手重抓胶囊_右手抓杯子","判断_胶囊抓取_杯子抓取_yolo"]
            },
            "vision_0": {
                "yolo_analyze": {
                    "roi_coords": [1490,244,307,336],
                    "camera_num": 30,
                    "class_name": "cup",
                    "conf_threshold": 0.6,
                    "save": {"T": false, "F": false},
                    "name": "cup_detect_grasp",
                    "model_path": "/home/dexforce/workspace/dexe_application/qt/best.pt"
                }
            },
            "vision_1": {
                "yolo_analyze": {
                    "roi_coords": [556,170,249,247],
                    "camera_num": 3,
                    "class_name": "capsule",
                    "conf_threshold": 0.6,
                    "save": {"T": false, "F": false},
                    "name": "capsule_detect",
                    "model_path": "/home/dexforce/workspace/dexe_application/qt/best.pt"
                }
            }
        },

        "放较囊_放杯子":{
            "voice_msg"  :["TASK_RES: place_capsule_cup-success"],
            "move_head_torso":{"use":true,"current_torso":[45,-90,45,2],"target_torso":[28,-70, 45, 3]},
            "ad_pose":{"left_arm":"咖啡机视觉坐标","right_arm":"咖啡机视觉坐标"},
            "apose":{"left_arm":[-46.0,474.0,-117.0,0,0,0],"right_arm":[42.0,477.0,-96.0,0,0,0]},
            "tpose_l1":{"use_arm":"left_arm","t":"down_capsule_f","arm_speed":2.3,"end_effector":[0,"get_capsule",0.2],"vision_app":[["",0],["kafeiji",0],"","no_z_rxyz"],"head_torso":[[-2, -32],[28,-70, 45, 3]],"head_torso_speed":0.2},
            "tpose_l2":{"use_arm":"left_arm","t":"down_capsule","arm_speed":0.8,"end_effector":[0.5,"place_capsule",0.6],"vision_app":[["",0],["kafeiji",0],"","no_z_rxyz"]},
            "tpose_l3":{"use_arm":"left_arm","t":"down_capsule_b","arm_speed":2.3,"end_effector":[0,"zero",0],"vision_app":[["",0],["kafeiji",0],"","no_z_rxyz"]},

            "tpose_r0":{"use_arm":"right_arm","t":"down_cup_fff","arm_speed": 2,"end_effector":[0,"get_cup_b",0],"vision_app":[["",0],["kafeiji",0],"","no_z_rxyz"]},
            "tpose_r":{"use_arm":"right_arm","t":"down_cup_ff","arm_speed": 2,"end_effector":[0,"get_cup_b",0],"vision_app":[["",0],["kafeiji",0],"","no_z_rxyz"]},
            "tpose_r1":{"use_arm":"right_arm","t":"down_cup_f","arm_speed": 2,"vision_app":[["",0],["kafeiji",0],"","no_z_rxyz"]},
            "tpose_r2":{"use_arm":"right_arm","t":"down_cup","arm_speed":1.5,"end_effector":[0.2,"place_cup",0.7],"vision_app":[["",0],["kafeiji",0],"","no_z_rxyz"]},
            

            "return_gohome":{
                "move_head_torso":{"use":true,"current_torso":[45,-90,45,2],"target_torso":[28,-70, 45, 3]},
                "ad_pose":{"left_arm":"咖啡机视觉坐标","right_arm":"咖啡机视觉坐标"},
                "apose":{"left_arm":[-46.0,474.0,-117.0,0,0,0],"right_arm":[42.0,477.0,-96.0,0,0,0]},
                "tpose_l0":{"use_arm":"left_arm","t":"down_capsule_b","arm_speed":2.3,"end_effector":[1,"zero",0],"vision_app":[["",0],["kafeiji",0],"","no_z_rxyz"]},

                "tpose_r4":{"use_arm":"right_arm","t":"down_cup","arm_speed":1,"end_effector":[0.2,"get_cup_b",0.7],"vision_app":[["",0],["kafeiji",0],"","no_z_rxyz"]},
                "tpose_r3":{"use_arm":"right_arm","t":"down_cup_b","arm_speed":1.5,"end_effector":[0,"place_cup_b",0],"vision_app":[["",0],["kafeiji",0],"","no_z_rxyz"]},
                "tpose_r1":{"use_arm":"right_arm","t":"down_cup_bb","arm_speed":1.5,"end_effector":[0,"place_cup_b",0],"vision_app":[["",0],["kafeiji",0],"","no_z_rxyz"]},
                "tpose_r2":{"use_arm":"right_arm","t":"down_cup_bbb","arm_speed":1.5,"end_effector":[0,"zero",0],"vision_app":[["",0],["kafeiji",0],"","no_z_rxyz"]}}
        },

        "放较囊_收回手":{
                "move_head_torso":{"use":true,"current_torso":[45,-90,45,2],"target_torso":[28,-70, 45, 3]},
                "ad_pose":{"left_arm":"咖啡机视觉坐标","right_arm":"咖啡机视觉坐标"},
                "apose":{"left_arm":[-46.0,474.0,-117.0,0,0,0],"right_arm":[42.0,477.0,-96.0,0,0,0]},
                
                
                "tpose_r2":{"use_arm":"right_arm","t":"down_cup","arm_speed":1.5,"end_effector":[0.2,"place_cup",0.7],"vision_app":[["",0],["kafeiji",0],"","no_z_rxyz"]},
                "tpose_r3":{"use_arm":"right_arm","t":"down_cup_b","arm_speed":2,"end_effector":[0,"place_cup_b",0],"vision_app":[["",0],["kafeiji",0],"","no_z_rxyz"]},
                "tpose_r4":{"use_arm":"right_arm","t":"down_cup_bb","arm_speed":2,"end_effector":[0,"place_cup_b",0],"vision_app":[["",0],["kafeiji",0],"","no_z_rxyz"]},
                "tpose_r5":{"use_arm":"right_arm","t":"down_cup_bbb","arm_speed":2,"end_effector":[0,"zero",0],"vision_app":[["",0],["kafeiji",0],"","no_z_rxyz"]},

                "return_gohome":{
                    "move_head_torso":{"use":true,"current_torso":[45,-90,45,2],"target_torso":[28,-70, 45, 3]},
                    "ad_pose":{"left_arm":"咖啡机视觉坐标","right_arm":"咖啡机视觉坐标"},
                    "apose":{"left_arm":[-46.0,474.0,-117.0,0,0,0],"right_arm":[42.0,477.0,-96.0,0,0,0]},
                    "tpose_l0":{"use_arm":"left_arm","t":"down_capsule_b","arm_speed":2.3,"end_effector":[1,"zero",0],"vision_app":[["",0],["kafeiji",0],"","no_z_rxyz"]},

                        "tpose_r3":{"use_arm":"right_arm","t":"down_cup_b","arm_speed":1.5,"end_effector":[0.2,"place_cup_b",0.7],"vision_app":[["",0],["kafeiji",0],"","no_z_rxyz"]},
                    "tpose_r1":{"use_arm":"right_arm","t":"down_cup_bb","arm_speed":1.5,"end_effector":[0,"place_cup_b",0],"vision_app":[["",0],["kafeiji",0],"","no_z_rxyz"]},
                    "tpose_r2":{"use_arm":"right_arm","t":"down_cup_bbb","arm_speed":1.5,"end_effector":[0,"zero",0],"vision_app":[["",0],["kafeiji",0],"","no_z_rxyz"]}}
            },



        "同步下拉前":{
            "voice_msg":["TASK_RES: close_lid-success"],
            "move_head_torso":{"use":true,"current_torso":[45,-90,45,2],"target_torso":[28, -63, 45, 3]},
            "ad_pose":{"left_arm":"咖啡机视觉坐标","right_arm":"咖啡机视觉坐标"},
            "apose":{"left_arm":[-46.0,474.0,-117.0,0,0,0],"right_arm":[42.0,477.0,-96.0,0,0,0]},
            "tpose_l0":{"use_arm":"left_arm","t":"pull_lid_fffff","arm_speed":2.4,"end_effector":[0,"zero",0],"vision_app":[["",0],["kafeiji",0],"","no_z_rxyz"],"head_torso":[[-2, -32],[28, -63, 45, 3]],"head_torso_speed":0.4},
            "tpose_l1":{"use_arm":"left_arm","t":"pull_lid_ffff","arm_speed":2,"end_effector":[0,"zero",0],"vision_app":[["",0],["kafeiji",0],"","no_z_rxyz"]},
            "tpose_r0":{"use_arm":"right_arm","t":"pull_lid_fffff","arm_speed": 3,"end_effector":[0,"zero",0],"vision_app":[["",0],["kafeiji",0],"","no_z_rxyz"]},
            "tpose_r1":{"use_arm":"right_arm","t":"pull_lid_ffff","arm_speed": 2,"end_effector":[0,"zero",0],"vision_app":[["",0],["kafeiji",0],"","no_z_rxyz"]},

            "return_gohome":{
                "move_head_torso":{"use":true,"current_torso":[45,-90,45,2],"target_torso":[28, -63, 45, 3]},
                "ad_pose":{"left_arm":"咖啡机视觉坐标","right_arm":"咖啡机视觉坐标"},
                "apose":{"left_arm":[-46.0,474.0,-117.0,0,0,0],"right_arm":[42.0,477.0,-96.0,0,0,0]},
                "tpose_l0":{"use_arm":"left_arm","t":"pull_lid_fffff","arm_speed":2,"end_effector":[0,"zero",0],"vision_app":[["",0],["kafeiji",0],"","no_z_rxyz"]},
                "tpose_l1":{"use_arm":"left_arm","t":"pull_lid_c","arm_speed":2,"end_effector":[0,"zero",0],"vision_app":[["",0],["kafeiji",0],"","no_z_rxyz"]},

                "tpose_r0":{"use_arm":"right_arm","t":"pull_lid_fffff","arm_speed":2,"end_effector":[0,"zero",0],"vision_app":[["",0],["kafeiji",0],"","no_z_rxyz"]},
                "tpose_r1":{"use_arm":"right_arm","t":"pull_lid_c","arm_speed":2,"end_effector":[0,"zero",0],"vision_app":[["",0],["kafeiji",0],"","no_z_rxyz"]}}
        },

        "下拉把手1":{
            "move_head_torso":{"use":true,"current_torso":[45,-90,45,2],"target_torso":[28, -63, 45, 3]},
            "ad_pose":{"left_arm":"咖啡机视觉坐标","right_arm":"咖啡机视觉坐标"},
            "apose":{"left_arm":[-46.0,474.0,-117.0,0,0,0],"right_arm":[42.0,477.0,-96.0,0,0,0]},
            "tpose_l0":{"use_arm":"left_arm","t":"pull_lid_ffff","arm_speed":2,"end_effector":[0,"zero",0],"vision_app":[["",0],["kafeiji",0],"","no_z_rxyz"],"head_torso":[[-2, -32],[28, -63, 45, 3]],"head_torso_speed":0.8},
            "tpose_l1":{"use_arm":"left_arm","t":"pull_lid_fff","arm_speed":2.1,"vision_app":[["",0],["kafeiji",0],"","no_z_rxyz"]},
            "tpose_l2":{"use_arm":"left_arm","t":"pull_lid_ff","arm_speed":2.1,"vision_app":[["",0],["kafeiji",0],"","no_z_rxyz"]},

            
            "tpose_r0":{"use_arm":"right_arm","t":"pull_lid_ffff","arm_speed": 2.6,"end_effector":[0,"zero",0],"vision_app":[["",0],["kafeiji",0],"","no_z_rxyz"]},
            "tpose_r1":{"use_arm":"right_arm","t":"pull_lid_fff","arm_speed": 2.5,"vision_app":[["",0],["kafeiji",0],"","no_z_rxyz"]},
            "tpose_r2":{"use_arm":"right_arm","t":"pull_lid_ff","arm_speed":2.3,"vision_app":[["",0],["kafeiji",0],"","no_z_rxyz"]},

            "return_gohome":{
                "move_head_torso":{"use":true,"current_torso":[45,-90,45,2],"target_torso":[28, -63, 45, 3]},
                "ad_pose":{"left_arm":"咖啡机视觉坐标","right_arm":"咖啡机视觉坐标"},
                "apose":{"left_arm":[-46.0,474.0,-117.0,0,0,0],"right_arm":[42.0,477.0,-96.0,0,0,0]},
                "tpose_l0":{"use_arm":"left_arm","t":"pull_lid_ffff","arm_speed":2,"end_effector":[0,"zero",0],"vision_app":[["",0],["kafeiji",0],"","no_z_rxyz"]},
                "tpose_l1":{"use_arm":"left_arm","t":"pull_lid_fffff","arm_speed":2,"end_effector":[0,"zero",0],"vision_app":[["",0],["kafeiji",0],"","no_z_rxyz"]},
                "tpose_l2":{"use_arm":"left_arm","t":"pull_lid_c","arm_speed":2,"end_effector":[0,"zero",0],"vision_app":[["",0],["kafeiji",0],"","no_z_rxyz"]},

                "tpose_r0":{"use_arm":"right_arm","t":"pull_lid_ffff","arm_speed": 2,"end_effector":[0,"zero",0],"vision_app":[["",0],["kafeiji",0],"","no_z_rxyz"]},
                "tpose_r1":{"use_arm":"right_arm","t":"pull_lid_fffff","arm_speed":2,"end_effector":[0,"zero",0],"vision_app":[["",0],["kafeiji",0],"","no_z_rxyz"]},
                "tpose_r2":{"use_arm":"right_arm","t":"pull_lid_c","arm_speed":2,"end_effector":[0,"zero",0],"vision_app":[["",0],["kafeiji",0],"","no_z_rxyz"]}}
        },

        "回放动作1":{
            "replay":{"use":true,"speed_ratio":1.0, "start_time":25, "run_times":65},
            "voice_msg"  :["TASK_RES: coffee_story-success"],
            "wait_time" : 70,
            
            
            "return_gohome":{
                "move_head_torso":{"use":true,"current_torso":[45,-90,45,2],"target_torso":[28, -63, 45, 3]},
                "ad_pose":{"left_arm":"咖啡机视觉坐标","right_arm":"咖啡机视觉坐标"},
                "apose":{"left_arm":[-46.0,474.0,-117.0,0,0,0],"right_arm":[42.0,477.0,-96.0,0,0,0]},
                "tpose_l0":{"use_arm":"left_arm","t":"pull_lid_ffff","arm_speed":2,"end_effector":[0,"zero",0],"vision_app":[["",0],["kafeiji",0],"","no_z_rxyz"]},
                "tpose_l1":{"use_arm":"left_arm","t":"pull_lid_fffff","arm_speed":2,"end_effector":[0,"zero",0],"vision_app":[["",0],["kafeiji",0],"","no_z_rxyz"]},
                "tpose_l2":{"use_arm":"left_arm","t":"pull_lid_c","arm_speed":2,"end_effector":[0,"zero",0],"vision_app":[["",0],["kafeiji",0],"","no_z_rxyz"]},

                "tpose_r0":{"use_arm":"right_arm","t":"pull_lid_ffff","arm_speed": 2,"end_effector":[0,"zero",0],"vision_app":[["",0],["kafeiji",0],"","no_z_rxyz"]},
                "tpose_r1":{"use_arm":"right_arm","t":"pull_lid_fffff","arm_speed":2,"end_effector":[0,"zero",0],"vision_app":[["",0],["kafeiji",0],"","no_z_rxyz"]},
                "tpose_r2":{"use_arm":"right_arm","t":"pull_lid_c","arm_speed":2,"end_effector":[0,"zero",0],"vision_app":[["",0],["kafeiji",0],"","no_z_rxyz"]}}
            
        },

        "等待泡咖啡":{
            "voice_interaction":["TASK_WAIT: START",20,"TASK_WAIT: END"]
        },

        "下拉把手2":{
            "move_head_torso":{"use":true,"current_torso":[45,-90,45,2],"target_torso":[28, -63, 45, 3]},
            "ad_pose":{"left_arm":"咖啡机视觉坐标","right_arm":"咖啡机视觉坐标"},
            "apose":{"left_arm":[-46.0,474.0,-117.0,0,0,0],"right_arm":[42.0,477.0,-96.0,0,0,0]},
            "tpos1e_l3":{"use_arm":"left_arm","t":"pull_lid_f","arm_speed":2,"end_effector":[0,"zero",0],"vision_app":[["",0],["kafeiji",0],"","no_z_rxyz"],"head_torso":[[-2, -36],[28, -63, 45, 3]],"head_torso_speed":0.8},
            "tpose_l4":{"use_arm":"left_arm","t":"pull_lid","end_effector":[0,"zero",1],"arm_speed":2,"vision_app":[["",0],["kafeiji",0],"","no_z_rxyz"]},
            "tpose_l5":{"use_arm":"left_arm","t":"pull_lid_b","end_effector":[0,"zero",0],"arm_speed":2,"vision_app":[["",0],["kafeiji",0],"","no_z_rxyz"]},

            "tpo1se_r3":{"use_arm":"right_arm","t":"pull_lid_f","arm_speed":2,"end_effector":[0,"zero",0],"vision_app":[["",0],["kafeiji",0],"","no_z_rxyz"]},
            "tpose_r4":{"use_arm":"right_arm","t":"pull_lid","end_effector":[0,"zero",1],"arm_speed":2,"vision_app":[["",0],["kafeiji",0],"","no_z_rxyz"]},
            "tpose_r5":{"use_arm":"right_arm","t":"pull_lid_b","end_effector":[0,"zero",0],"arm_speed":2,"vision_app":[["",0],["kafeiji",0],"","no_z_rxyz"]},

            "return_gohome":{
                "move_head_torso":{"use":true,"current_torso":[45,-90,45,2],"target_torso":[28, -63, 45, 3]},
                "ad_pose":{"left_arm":"咖啡机视觉坐标","right_arm":"咖啡机视觉坐标"},
                "apose":{"left_arm":[-46.0,474.0,-117.0,0,0,0],"right_arm":[42.0,477.0,-96.0,0,0,0]},
                "tpose_l1":{"use_arm":"left_arm","t":"pull_lid_cc","arm_speed":2,"end_effector":[0,"zero",0],"vision_app":[["",0],["kafeiji",0],"","no_z_rxyz"]},
                "tpose_l2":{"use_arm":"left_arm","t":"pull_lid_fffff","arm_speed":2,"end_effector":[0,"zero",0],"vision_app":[["",0],["kafeiji",0],"","no_z_rxyz"]},
                "tpose_l3":{"use_arm":"left_arm","t":"pull_lid_c","arm_speed":2,"end_effector":[0,"zero",0],"vision_app":[["",0],["kafeiji",0],"","no_z_rxyz"]},

                "tpose_r1":{"use_arm":"right_arm","t":"pull_lid_cc","arm_speed": 2,"end_effector":[0,"zero",0],"vision_app":[["",0],["kafeiji",0],"","no_z_rxyz"]},
                "tpose_r2":{"use_arm":"right_arm","t":"pull_lid_fffff","arm_speed":2,"end_effector":[0,"zero",0],"vision_app":[["",0],["kafeiji",0],"","no_z_rxyz"]},
                "tpose_r3":{"use_arm":"right_arm","t":"pull_lid_c","arm_speed":2,"end_effector":[0,"zero",0],"vision_app":[["",0],["kafeiji",0],"","no_z_rxyz"]}}
        },

        "左手按按钮":{
            "voice_msg":["TASK_RES: small_coffee-success"],
            "move_head_torso":{"use":true,"current_torso":[45,-90,45,2],"target_torso":[28, -63, 45, 3]},
            "ad_pose":{"left_arm":"咖啡机视觉坐标","right_arm":"咖啡机视觉坐标"},
            "apose":{"left_arm":[-46.0,474.0,-117.0,0,0,0],"right_arm":[42.0,477.0,-96.0,0,0,0]},
            "tpose_l3":{"use_arm":"left_arm","t":"pull_lid_b","arm_speed":2.1,"end_effector":[0,"zero",0],"vision_app":[["",0],["kafeiji",0],"","no_z_rxyz"],"head_torso":[[-2, -32],[28, -63, 45, 3]],"head_torso_speed":0.8},
            "tpose_l4":{"use_arm":"left_arm","t":"press_button","arm_speed":2.1,"end_effector":[0.2,"press_button",0.5],"vision_app":[["",0],["kafeiji",0],"","no_z_rxyz"]},
            "tpose_l5":{"use_arm":"left_arm","t":"pull_lid_b","arm_speed":2.1,"vision_app":[["",0],["kafeiji",0],"","no_z_rxyz"]}
        },

        "右手按按钮":{
            "voice_msg":["TASK_RES: big_coffee-success"],
            "move_head_torso":{"use":true,"current_torso":[45,-90,45,2],"target_torso":[28, -63, 45, 3]},
            "ad_pose":{"left_arm":"咖啡机视觉坐标","right_arm":"咖啡机视觉坐标"},
            "apose":{"left_arm":[-46.0,474.0,-117.0,0,0,0],"right_arm":[42.0,477.0,-96.0,0,0,0]},
            "tpose_r1":{"use_arm":"right_arm","t":"pull_lid_b","arm_speed":2.1,"end_effector":[0,"zero",0],"vision_app":[["",0],["kafeiji",0],"","no_z_rxyz"],"head_torso":[[-2, -32],[28, -63, 45, 3]],"head_torso_speed":0.8},
            "tpose_r2":{"use_arm":"right_arm","t":"press_button","arm_speed":2.1,"end_effector":[0.2,"press_button",0.5],"vision_app":[["",0],["kafeiji",0],"","no_z_rxyz"]},
            "tpose_r3":{"use_arm":"right_arm","t":"press_button","arm_speed":2.1,"end_effector":[0,"zero",0.1],"vision_app":[["",0],["kafeiji",0],"","no_z_rxyz"]},
            "tpose_r4":{"use_arm":"right_arm","t":"pull_lid_b","arm_speed":2.1,"end_effector":[0,"zero",0],"vision_app":[["",0],["kafeiji",0],"","no_z_rxyz"]},
            "return_gohome":{
                "move_head_torso":{"use":true,"current_torso":[45,-90,45,2],"target_torso":[28, -63, 45, 3]},
                "ad_pose":{"left_arm":"咖啡机视觉坐标","right_arm":"咖啡机视觉坐标"},
                "apose":{"left_arm":[-46.0,474.0,-117.0,0,0,0],"right_arm":[42.0,477.0,-96.0,0,0,0]},
                "tpose_l0":{"use_arm":"left_arm","t":"safe_coffee1_f","arm_speed":2,"end_effector":[0,"zero",0],"vision_app":[["",0],["kafeiji",0],"","no_z_rxyz"]},
                "tpose_l1":{"use_arm":"left_arm","t":"safe_coffee1","arm_speed":2,"vision_app":[["",0],["kafeiji",0],"","no_z_rxyz"]},

                "tpose_r0":{"use_arm":"right_arm","t":"get_coffee1_fff","end_effector":[1,"place_cup_b",0],"arm_speed":2,"vision_app":[["",0],["kafeiji",0],"","no_z_rxyz"]},
                "tpose_r1":{"use_arm":"right_arm","t":"get_coffee1_ff","end_effector":[0,"place_cup_b",0],"arm_speed":1.5,"vision_app":[["",0],["kafeiji",0],"","no_z_rxyz"]},
                "tpose_r2":{"use_arm":"right_arm","t":"get_coffee1_f","arm_speed":1.5,"vision_app":[["",0],["kafeiji",0],"","no_z_rxyz"]},
                "tpose_r3":{"use_arm":"right_arm","t":"get_coffee1","end_effector":[1,"get_coffee",0],"arm_speed":1,"vision_app":[["",0],["kafeiji",0],"","no_z_rxyz"]},
                "tpose_r4":{"use_arm":"right_arm","t":"get_coffee1_b","end_effector":[0,"get_coffee",0],"arm_speed":1,"vision_app":[["",0],["kafeiji",0],"","no_z_rxyz"]},
                "tpose_r5":{"use_arm":"right_arm","t":"get_coffee_home1_f","arm_speed":2,"vision_app":[["",0],["kafeiji",0],"","no_z_rxyz"]},
                "tpose_r6":{"use_arm":"right_arm","t":"get_coffee_home1","arm_speed":1.2,"end_effector":[0,"get_coffee",0.5],"vision_app":[["",0],["kafeiji",0],"","no_z_rxyz"]},
                "tpose_r7":{"use_arm":"right_arm","t":"get_coffee_home1","arm_speed":1.2,"end_effector":[0,"place_cup_bb",0.5],"vision_app":[["",0],["kafeiji",0],"","no_z_rxyz"]},
                "tpose_r8":{"use_arm":"right_arm","t":"get_coffee_home1_b","arm_speed":1.2,"end_effector":[0,"place_cup_bb",0],"vision_app":[["",0],["kafeiji",0],"","no_z_rxyz"]},
                "tpose_r9":{"use_arm":"right_arm","t":"get_coffee_home1_bb","arm_speed":1.2,"vision_app":[["",0],["kafeiji",0],"","no_z_rxyz"]}
            }
        },

        "按开水":{
            "voice_msg":["TASK_RES: hot_water-success"],
            "move_head_torso":{"use":true,"current_torso":[45,-90,45,2],"target_torso":[28, -63, 45, 3]},
            "ad_pose":{"left_arm":"咖啡机视觉坐标","right_arm":"咖啡机视觉坐标"},
            "apose":{"left_arm":[-46.0,474.0,-117.0,0,0,0],"right_arm":[42.0,477.0,-96.0,0,0,0]},
            "tpose_r3":{"use_arm":"right_arm","t":"press_button2_ff","arm_speed":2.1,"end_effector":[0,"press_button2_f",0],"vision_app":[["",0],["kafeiji",0],"","no_z_rxyz"],"head_torso":[[2, -32],[28, -63, 45, 3]],"head_torso_speed":0.8},
            "tpose_r4":{"use_arm":"right_arm","t":"press_button2_f","arm_speed":1.5,"vision_app":[["",0],["kafeiji",0],"","no_z_rxyz"]},
            "tpose_r6":{"use_arm":"right_arm","t":"press_button2","arm_speed":1.5,"end_effector":[0.2,"press_button2",0.5],"vision_app":[["",0],["kafeiji",0],"","no_z_rxyz"]},
            "tpose_r7":{"use_arm":"right_arm","t":"press_button2","arm_speed":1.5,"end_effector":[0,"press_button2_f",0],"vision_app":[["",0],["kafeiji",0],"","no_z_rxyz"]},
            "tpose_r8":{"use_arm":"right_arm","t":"press_button2_f","arm_speed":1.5,"vision_app":[["",0],["kafeiji",0],"","no_z_rxyz"]},
            "tpose_r9":{"use_arm":"right_arm","t":"press_button2_ff","arm_speed":2.1,"vision_app":[["",0],["kafeiji",0],"","no_z_rxyz"]},
            "tpose_r5":{"use_arm":"right_arm","t":"pull_lid_b","arm_speed":2.1,"end_effector":[0,"zero",0],"vision_app":[["",0],["kafeiji",0],"","no_z_rxyz"]}
        },

        "拿出咖啡":{
            "voice_msg":["TASK_RES: get_coffee-success"],
            "move_head_torso":{"use":true,"current_torso":[45,-90,45,2],"target_torso":[32, -72, 50, 3]},
            "ad_pose":{"left_arm":"咖啡机视觉坐标","right_arm":"咖啡机视觉坐标"},
            "apose":{"left_arm":[-46.0,474.0,-117.0,0,0,0],"right_arm":[42.0,477.0,-96.0,0,0,0]},
            "tpose_l0":{"use_arm":"left_arm","t":"safe_coffee_f","arm_speed":2.3,"end_effector":[0,"safe_coffee",0],"vision_app":[["",0],["kafeiji",0],"","no_z_rxyz"],"head_torso":[[-2, -32],[32, -72, 50, 3]],"head_torso_speed":0.8},
            "tpose_l1":{"use_arm":"left_arm","t":"safe_coffee","arm_speed":2,"vision_app":[["",0],["kafeiji",0],"","no_z_rxyz"]},

            "tpose_r0":{"use_arm":"right_arm","t":"get_coffee_ff","arm_speed":2.1,"end_effector":[0.5,"place_cup_b",0],"vision_app":[["",0],["kafeiji",0],"","no_z_rxyz"]},
            "tpose_r1":{"use_arm":"right_arm","t":"get_coffee_f","arm_speed":2.1,"vision_app":[["",0],["kafeiji",0],"","no_z_rxyz"]},
            "tpose_r2":{"use_arm":"right_arm","t":"get_coffee","end_effector":[0,"get_coffee",0.5],"arm_speed":1.2,"vision_app":[["",0],["kafeiji",0],"","no_z_rxyz"]},
            "tpose_r3":{"use_arm":"right_arm","t":"get_coffee_b","end_effector":[0,"get_coffee",0],"arm_speed":1.5,"vision_app":[["",0],["kafeiji",0],"","no_z_rxyz"]},
            "tpose_r4":{"use_arm":"right_arm","t":"get_coffee_bb","arm_speed":2.1,"vision_app":[["",0],["kafeiji",0],"","no_z_rxyz"]},

            "return_gohome":{
                "move_head_torso":{"use":true,"current_torso":[45,-90,45,2],"target_torso":[32, -72, 50, 3]},
                "ad_pose":{"left_arm":"咖啡机视觉坐标","right_arm":"咖啡机视觉坐标"},
                "apose":{"left_arm":[-46.0,474.0,-117.0,0,0,0],"right_arm":[42.0,477.0,-96.0,0,0,0]},
                "tpose_l0":{"use_arm":"left_arm","t":"safe_coffee_f","arm_speed":2,"end_effector":[0,"zero",0],"vision_app":[["",0],["kafeiji",0],"","no_z_rxyz"]},
                "tpose_r0":{"use_arm":"right_arm","t":"get_coffee","end_effector":[2,"get_coffee",0],"arm_speed":1,"vision_app":[["",0],["kafeiji",0],"","no_z_rxyz"]},
                "tpose_r1":{"use_arm":"right_arm","t":"get_coffee_b","end_effector":[0,"get_coffee",0],"arm_speed":1,"vision_app":[["",0],["kafeiji",0],"","no_z_rxyz"]},
                "tpose_r2":{"use_arm":"right_arm","t":"get_coffee_home_f","arm_speed":2.1,"end_effector":[0,"get_coffee",0],"vision_app":[["",0],["kafeiji",0],"","no_z_rxyz"]},
                "tpose_r3":{"use_arm":"right_arm","t":"get_coffee_home","arm_speed":1.2,"end_effector":[0,"get_coffee",0.5],"vision_app":[["",0],["kafeiji",0],"","no_z_rxyz"]},
                "tpose_r4":{"use_arm":"right_arm","t":"get_coffee_home","arm_speed":1.2,"end_effector":[0,"place_cup_bb",0.5],"vision_app":[["",0],["kafeiji",0],"","no_z_rxyz"]},
                "tpose_r5":{"use_arm":"right_arm","t":"get_coffee_home_b","arm_speed":1.2,"vision_app":[["",0],["kafeiji",0],"","no_z_rxyz"]},
                "tpose_r6":{"use_arm":"right_arm","t":"get_coffee_home_bb","arm_speed":1.2,"vision_app":[["",0],["kafeiji",0],"","no_z_rxyz"]}
            }
        },

        "拿出咖啡2":{
            "move_head_torso":{"use":true,"current_torso":[45,-90,45,2],"target_torso":[32, -72, 50, 3]},
            "ad_pose":{"left_arm":"咖啡机视觉坐标","right_arm":"咖啡机视觉坐标"},
            "apose":{"left_arm":[-46.0,474.0,-117.0,0,0,0],"right_arm":[42.0,477.0,-96.0,0,0,0]},
            "tpose_l0":{"use_arm":"left_arm","t":"safe_coffee_f","arm_speed":2.3,"end_effector":[0,"safe_coffee",0],"vision_app":[["",0],["kafeiji",0],"","no_z_rxyz"],"head_torso":[[-2, -32],[32, -72, 50, 3]],"head_torso_speed":0.8},
            "tpose_l1":{"use_arm":"left_arm","t":"safe_coffee","arm_speed":2,"vision_app":[["",0],["kafeiji",0],"","no_z_rxyz"]},

            "tpose_r0":{"use_arm":"right_arm","t":"get_coffee_ff","arm_speed":2.1,"end_effector":[0.5,"place_cup_b",0],"vision_app":[["",0],["kafeiji",0],"","no_z_rxyz"]},
            "tpose_r1":{"use_arm":"right_arm","t":"get_coffee_f","arm_speed":2.1,"vision_app":[["",0],["kafeiji",0],"","no_z_rxyz"]},
            "tpose_r2":{"use_arm":"right_arm","t":"get_coffee","end_effector":[0,"get_coffee",0.5],"arm_speed":1.2,"vision_app":[["",0],["kafeiji",0],"","no_z_rxyz"]},
            "tpose_r3":{"use_arm":"right_arm","t":"get_coffee_b","end_effector":[0,"get_coffee",0],"arm_speed":1.5,"vision_app":[["",0],["kafeiji",0],"","no_z_rxyz"]},
            "tpose_r4":{"use_arm":"right_arm","t":"get_coffee_bb","arm_speed":2.1,"vision_app":[["",0],["kafeiji",0],"","no_z_rxyz"]},

            "return_gohome":{
                "move_head_torso":{"use":true,"current_torso":[45,-90,45,2],"target_torso":[32, -72, 50, 3]},
                "ad_pose":{"left_arm":"咖啡机视觉坐标","right_arm":"咖啡机视觉坐标"},
                "apose":{"left_arm":[-46.0,474.0,-117.0,0,0,0],"right_arm":[42.0,477.0,-96.0,0,0,0]},
                "tpose_l0":{"use_arm":"left_arm","t":"safe_coffee_f","arm_speed":2,"end_effector":[0,"zero",0],"vision_app":[["",0],["kafeiji",0],"","no_z_rxyz"]},
                "tpose_r0":{"use_arm":"right_arm","t":"get_coffee","end_effector":[2,"get_coffee",0],"arm_speed":1,"vision_app":[["",0],["kafeiji",0],"","no_z_rxyz"]},
                "tpose_r1":{"use_arm":"right_arm","t":"get_coffee_b","end_effector":[0,"get_coffee",0],"arm_speed":1,"vision_app":[["",0],["kafeiji",0],"","no_z_rxyz"]},
                "tpose_r2":{"use_arm":"right_arm","t":"get_coffee_home_f","arm_speed":2.1,"end_effector":[0,"get_coffee",0],"vision_app":[["",0],["kafeiji",0],"","no_z_rxyz"]},
                "tpose_r3":{"use_arm":"right_arm","t":"get_coffee_home","arm_speed":1.2,"end_effector":[0,"get_coffee",0.5],"vision_app":[["",0],["kafeiji",0],"","no_z_rxyz"]},
                "tpose_r4":{"use_arm":"right_arm","t":"get_coffee_home","arm_speed":1.2,"end_effector":[0,"place_cup_bb",0.5],"vision_app":[["",0],["kafeiji",0],"","no_z_rxyz"]},
                "tpose_r5":{"use_arm":"right_arm","t":"get_coffee_home_b","arm_speed":1.2,"vision_app":[["",0],["kafeiji",0],"","no_z_rxyz"]},
                "tpose_r6":{"use_arm":"right_arm","t":"get_coffee_home_bb","arm_speed":1.2,"vision_app":[["",0],["kafeiji",0],"","no_z_rxyz"]}
            }
        },


        "送出咖啡":{            
            "voice_msg":["TASK_RES: send_coffee-success"],
            "move_head_torso":{"use":true,"current_torso":[45,-90,45,2],"target_torso":[33, -72, 53, 3]},
            "ad_pose":{"left_arm":"咖啡机视觉坐标","right_arm":"咖啡机视觉坐标"},
            "apose":{"left_arm":[-46.0,474.0,-117.0,0,0,0],"right_arm":[42.0,477.0,-96.0,0,0,0]},
            "tpose_l5":{"use_arm":"left_arm","t":"safe_coffee_b","arm_speed":2.1,"vision_app":[["",0],["kafeiji",0],"","no_z_rxyz"],"head_torso":[[-18, -28],[33, -72, 53, 3]],"head_torso_speed":0.4},
            "tpose_r0":{"use_arm":"right_arm","t":"send_coffee_f","arm_speed":2.1,"end_effector":[0,"get_coffee",0],"vision_app":[["",0],["kafeiji",0],"","no_z_rxyz"]},
            "tpose_r1":{"use_arm":"right_arm","t":"send_coffee","arm_speed":1.2,"end_effector":[0,"place_cup_bb",0.5],"vision_app":[["",0],["kafeiji",0],"","no_z_rxyz"]},
            "tpose_r2":{"use_arm":"right_arm","t":"send_coffee_b","arm_speed":2.1,"end_effector":[0,"place_cup_bb",0],"vision_app":[["",0],["kafeiji",0],"","no_z_rxyz"]},
            "tpose_r3":{"use_arm":"right_arm","t":"send_coffee_bb","arm_speed":2.1,"vision_app":[["",0],["kafeiji",0],"","no_z_rxyz"]},
            "tpos1e_r4":{"use_arm":"right_arm","t":"send_coffee_bbb","arm_speed":2.1,"vision_app":[["",0],["kafeiji",0],"","no_z_rxyz"]}
        },
        "送出咖啡2":{
            "voice_msg":["TASK_RES: send_coffee-success"],
            "move_head_torso":{"use":true,"current_torso":[45,-90,45,2],"target_torso":[33, -72, 53, 3]},
            "ad_pose":{"left_arm":"咖啡机视觉坐标","right_arm":"咖啡机视觉坐标"},
            "apose":{"left_arm":[-46.0,474.0,-117.0,0,0,0],"right_arm":[42.0,477.0,-96.0,0,0,0]},
            "tpose_l5":{"use_arm":"left_arm","t":"safe_coffee_b","arm_speed":2.1,"vision_app":[["",0],["kafeiji",0],"","no_z_rxyz"],"head_torso":[[-18, -28],[33, -72, 53, 3]],"head_torso_speed":0.4},
            "tpose_r0":{"use_arm":"right_arm","t":"send_coffee_f2","arm_speed":2.1,"end_effector":[0,"get_cup_b",0],"vision_app":[["",0],["kafeiji",0],"","no_z_rxyz"]},
            "tpose_r1":{"use_arm":"right_arm","t":"send_coffee2","arm_speed":1.2,"end_effector":[0,"place_cup_bb",0.5],"vision_app":[["",0],["kafeiji",0],"","no_z_rxyz"]},
            "tpose_r2":{"use_arm":"right_arm","t":"send_coffee_b2","arm_speed":2.1,"end_effector":[0,"place_cup_bb",0],"vision_app":[["",0],["kafeiji",0],"","no_z_rxyz"]},
            "tpose_r3":{"use_arm":"right_arm","t":"send_coffee_bb2","arm_speed":2.1,"vision_app":[["",0],["kafeiji",0],"","no_z_rxyz"]}
        },


        "送出咖啡3":{

            "move_head_torso":{"use":true,"current_torso":[45,-90,45,2],"target_torso":[33, -72, 53, 3]},
            "ad_pose":{"left_arm":"咖啡机视觉坐标","right_arm":"咖啡机视觉坐标"},
            "apose":{"left_arm":[-46.0,474.0,-117.0,0,0,0],"right_arm":[42.0,477.0,-96.0,0,0,0]},
            "tpose_l5":{"use_arm":"left_arm","t":"safe_coffee_b","arm_speed":2.1,"vision_app":[["",0],["kafeiji",0],"","no_z_rxyz"],"head_torso":[[-18, -28],[33, -72, 53, 3]],"head_torso_speed":0.4},
            "tpose_r0":{"use_arm":"right_arm","t":"send_coffee_f","arm_speed":2.1,"end_effector":[0,"get_coffee",0],"vision_app":[["",0],["kafeiji",0],"","no_z_rxyz"]},
            "tpose_r1":{"use_arm":"right_arm","t":"send_coffee","arm_speed":1.2,"end_effector":[0,"place_cup_bb",0.5],"vision_app":[["",0],["kafeiji",0],"","no_z_rxyz"]},
            "tpose_r2":{"use_arm":"right_arm","t":"send_coffee_b","arm_speed":2.1,"end_effector":[0,"place_cup_bb",0],"vision_app":[["",0],["kafeiji",0],"","no_z_rxyz"]},
            "tpose_r3":{"use_arm":"right_arm","t":"send_coffee_bb","arm_speed":2.1,"vision_app":[["",0],["kafeiji",0],"","no_z_rxyz"]},
            "tpos1e_r4":{"use_arm":"right_arm","t":"send_coffee_bbb","arm_speed":2.1,"vision_app":[["",0],["kafeiji",0],"","no_z_rxyz"]}
        }

        
    },









    "calibration_config":{
        "right_arm_joint_pose":[
            [0.346, 1.032, -0.679, 1.722, -1.562, -0.065, -0.575],
            [0.364, 1.038, -0.681, 1.634, -1.547, -0.1, -0.708],
            [0.297, 1.065, -0.706, 1.702, -1.616, -0.152, -0.596],
            [0.268, 1.078, -0.717, 1.712, -1.651, -0.088, -0.581],
            [0.23, 1.005, -0.657, 1.767, -1.618, 0.003, -0.68],
            [0.231, 1.004, -0.659, 1.832, -1.678, 0.047, -0.638],
            [0.344, 1.116, -0.754, 1.781, -1.696, 0.07, -0.57],
            [0.433, 1.175, -0.793, 1.722, -1.709, 0.133, -0.601],
            [0.424, 1.198, -0.815, 1.768, -1.76, 0.011, -0.556],
            [0.475, 1.224, -0.833, 1.764, -1.743, 0.016, -0.422]
        ],
        "left_arm_joint_pose":[
            [-0.576, -0.805, 0.827, -1.786, 1.674, -0.569, 0.628],
            [-0.6, -0.783, 0.807, -1.779, 1.622, -0.571, 0.579],
            [-0.519, -0.721, 0.741, -1.871, 1.62, -0.503, 0.628],
            [-0.446, -0.668, 0.671, -1.948, 1.589, -0.413, 0.569],
            [-0.525, -0.823, 0.842, -1.83, 1.702, -0.211, 0.471],

            [-0.545, -0.905, 0.905, -1.812, 1.792, -0.254, 0.508],
            [-0.383, -0.74, 0.762, -1.838, 1.615, -0.287, 0.638],
            [-0.485, -0.788, 0.813, -1.656, 1.625, -0.302, 0.817],
            [-0.467, -0.748, 0.783, -1.583, 1.633, -0.264, 0.882],
            [-0.427, -0.81, 0.831, -1.665, 1.674, -0.199, 0.766]
        ]
    },
    "disp":"储存坐标信息、夹具信息",
    "vision_app_config":{
        "use_disp":"是否使用视觉功能",
        "use":true,
        "track_save_path":"/home/dexforce/Documents/AGILE/move_pose.json",
        "track_visual_disp":"vision_app轨迹可视化方式,0为折线,1为样条插值",
        "track_visual":0,
        "all_use_vision_disp":"true为使用真实数据,false为使用当前已经保存好的数据",
        "all_use_vision":true},
    "use_robot":true,
    "all_pose_move1":{"use":true,"offset":[0,0,0]},
    "voice_config":{"use":true},
    "auto_convert_poses":{
        "disp":"自动转换坐标,走的r/l坐标是对应躯干姿态的坐标",
        "use":true},
    "1":12345
}

