{
    "disp": "储存任务执行顺序、任务名称,任务会按着序号0 1 2 3...顺序执行。0为不执行,1为执行",
    "work_sequence": {
        "0": [
            "自动抓取们把手",
            0
        ],
        "1": [
            "回原点",
            1
        ],
        "2": [
            "自动放置们把手",
            0
        ],
        "3": [
            "站立识别",
            0
        ],
        "4": [
            "移动抓取位",
            0
        ],
        "5": [
            "放置们把手3",
            0
        ],
        "6": [
            "放置们把手5",
            0
        ],
        "7": [
            "放置们把手7",
            0
        ],
        "31": [
            "们把手识别",
            1
        ],
        "32": [
            "放置们把手9",
            1
        ],
        "33": [
            "抓取们把手",
            1
        ],
        "12": [
            "抓取料框",
            0
        ],
        "13": [
            "抓取料框站直",
            0
        ],
        "14": [
            "放置料框",
            0
        ],
        "15": [
            "抓取料框站直",
            0
        ]
    },
    "user_tasks": [
        {
            "name": "抓取前置点",
            "nav": [
                0.07,
                2.23,
                0.85
            ],
            "events": [
                ""
            ]
        },
        {
            "name": "抓取点",
            "nav": [
                0.57,
                2.23,
                0.85
            ],
            "events": [
                "们把手识别"
            ]
        },
        {
            "name": "放置前置",
            "nav": [
                -0.6,
                1.11,
                -177.23
            ],
            "events": []
        },
        {
            "name": "放置点",
            "nav": [
                -1.05,
                1.11,
                -177.23
            ],
            "events": []
        },
        {
            "name": "放置点-new",
            "nav": [
                0.62,
                0.07,
                -1.19
            ],
            "events": []
        },
        {
            "name": "放置前置点",
            "nav": [
                -0.3,
                0.07,
                -1.19
            ],
            "events": []
        },
        {
            "name": "抓取点_new",
            "nav": [
                -1.06,
                0.23,
                -178.49
            ],
            "events": []
        },
        {
            "name": "抓取前置点_new",
            "nav": [
                -0.26,
                1.22,
                -90.09
            ],
            "events": []
        },
        {
            "name": "前置点2",
            "nav": [
                0.2,
                0.23,
                -178.49
            ],
            "events": []
        }
    ]
}